Rank,TV Show,Year,Star Cast,Rating,url
1,Planeta Tierra II,2016,David Attenborough,9.498023497499817,www.imdb.com/title/tt5491994/?pf_rd_m=A2FGELUUNOQJNL&pf_rd_p=12230b0e-0e00-43ed-9e59-8d5353703cce&pf_rd_r=4YX0TMGWA8M6QHASK48X&pf_rd_s=center-1&pf_rd_t=15506&pf_rd_i=toptv&ref_=chttvtp_tt_1
2,Hermanos de sangre,2001,"Scott Grimes, Damian Lewis",9.455660989345807,www.imdb.com/title/tt0185906/?pf_rd_m=A2FGELUUNOQJNL&pf_rd_p=12230b0e-0e00-43ed-9e59-8d5353703cce&pf_rd_r=4YX0TMGWA8M6QHASK48X&pf_rd_s=center-1&pf_rd_t=15506&pf_rd_i=toptv&ref_=chttvtp_tt_2
3,Juego de tronos,2011,"Emilia Clarke, Peter Dinklage",9.444816116815037,www.imdb.com/title/tt0944947/?pf_rd_m=A2FGELUUNOQJNL&pf_rd_p=12230b0e-0e00-43ed-9e59-8d5353703cce&pf_rd_r=4YX0TMGWA8M6QHASK48X&pf_rd_s=center-1&pf_rd_t=15506&pf_rd_i=toptv&ref_=chttvtp_tt_3
4,Planeta Tierra,2006,"David Attenborough, Sigourney Weaver",9.443685136356558,www.imdb.com/title/tt0795176/?pf_rd_m=A2FGELUUNOQJNL&pf_rd_p=12230b0e-0e00-43ed-9e59-8d5353703cce&pf_rd_r=4YX0TMGWA8M6QHASK48X&pf_rd_s=center-1&pf_rd_t=15506&pf_rd_i=toptv&ref_=chttvtp_tt_4
5,Breaking Bad,2008,"Bryan Cranston, Aaron Paul",9.410885777486014,www.imdb.com/title/tt0903747/?pf_rd_m=A2FGELUUNOQJNL&pf_rd_p=12230b0e-0e00-43ed-9e59-8d5353703cce&pf_rd_r=4YX0TMGWA8M6QHASK48X&pf_rd_s=center-1&pf_rd_t=15506&pf_rd_i=toptv&ref_=chttvtp_tt_5
6,The Wire (Bajo escucha),Bajo escucha,"Dominic West, Lance Reddick",9.306207737185034,www.imdb.com/title/tt0306414/?pf_rd_m=A2FGELUUNOQJNL&pf_rd_p=12230b0e-0e00-43ed-9e59-8d5353703cce&pf_rd_r=4YX0TMGWA8M6QHASK48X&pf_rd_s=center-1&pf_rd_t=15506&pf_rd_i=toptv&ref_=chttvtp_tt_6
7,Cosmos: Una odisea en el espacio-tiempo,2014,"Neil deGrasse Tyson, Stoney Emshwiller",9.252967388132209,www.imdb.com/title/tt2395695/?pf_rd_m=A2FGELUUNOQJNL&pf_rd_p=12230b0e-0e00-43ed-9e59-8d5353703cce&pf_rd_r=4YX0TMGWA8M6QHASK48X&pf_rd_s=center-1&pf_rd_t=15506&pf_rd_i=toptv&ref_=chttvtp_tt_7
8,Rick y Morty,2013,"Justin Roiland, Chris Parnell",9.231547136982353,www.imdb.com/title/tt2861424/?pf_rd_m=A2FGELUUNOQJNL&pf_rd_p=12230b0e-0e00-43ed-9e59-8d5353703cce&pf_rd_r=4YX0TMGWA8M6QHASK48X&pf_rd_s=center-1&pf_rd_t=15506&pf_rd_i=toptv&ref_=chttvtp_tt_8
9,Cosmos,1980,"Carl Sagan, Jaromír Hanzlík",9.224728275671467,www.imdb.com/title/tt0081846/?pf_rd_m=A2FGELUUNOQJNL&pf_rd_p=12230b0e-0e00-43ed-9e59-8d5353703cce&pf_rd_r=4YX0TMGWA8M6QHASK48X&pf_rd_s=center-1&pf_rd_t=15506&pf_rd_i=toptv&ref_=chttvtp_tt_9
10, Planeta azul II,2017,"David Attenborough, Peter Drost",9.211800559044013,www.imdb.com/title/tt6769208/?pf_rd_m=A2FGELUUNOQJNL&pf_rd_p=12230b0e-0e00-43ed-9e59-8d5353703cce&pf_rd_r=4YX0TMGWA8M6QHASK48X&pf_rd_s=center-1&pf_rd_t=15506&pf_rd_i=toptv&ref_=chttvtp_tt_10
11,Los Soprano,1999,"James Gandolfini, Lorraine Bracco",9.14466020936204,www.imdb.com/title/tt0141842/?pf_rd_m=A2FGELUUNOQJNL&pf_rd_p=12230b0e-0e00-43ed-9e59-8d5353703cce&pf_rd_r=4YX0TMGWA8M6QHASK48X&pf_rd_s=center-1&pf_rd_t=15506&pf_rd_i=toptv&ref_=chttvtp_tt_11
12,El mundo en guerra,1973,"Laurence Olivier, Anthony Eden",9.141259260610623,www.imdb.com/title/tt0071075/?pf_rd_m=A2FGELUUNOQJNL&pf_rd_p=12230b0e-0e00-43ed-9e59-8d5353703cce&pf_rd_r=4YX0TMGWA8M6QHASK48X&pf_rd_s=center-1&pf_rd_t=15506&pf_rd_i=toptv&ref_=chttvtp_tt_12
13,Avatar: La leyenda de Aang,2003,"Dee Bradley Baker, Zach Tyler",9.116912187064814,www.imdb.com/title/tt0417299/?pf_rd_m=A2FGELUUNOQJNL&pf_rd_p=12230b0e-0e00-43ed-9e59-8d5353703cce&pf_rd_r=4YX0TMGWA8M6QHASK48X&pf_rd_s=center-1&pf_rd_t=15506&pf_rd_i=toptv&ref_=chttvtp_tt_13
14,Life,2009,"David Attenborough, Oprah Winfrey",9.111451014780188,www.imdb.com/title/tt1533395/?pf_rd_m=A2FGELUUNOQJNL&pf_rd_p=12230b0e-0e00-43ed-9e59-8d5353703cce&pf_rd_r=4YX0TMGWA8M6QHASK48X&pf_rd_s=center-1&pf_rd_t=15506&pf_rd_i=toptv&ref_=chttvtp_tt_14
15,Sherlock,2010,"Benedict Cumberbatch, Martin Freeman",9.09512214465682,www.imdb.com/title/tt1475582/?pf_rd_m=A2FGELUUNOQJNL&pf_rd_p=12230b0e-0e00-43ed-9e59-8d5353703cce&pf_rd_r=4YX0TMGWA8M6QHASK48X&pf_rd_s=center-1&pf_rd_t=15506&pf_rd_i=toptv&ref_=chttvtp_tt_15
16,Planeta humano,2011,"John Hurt, Roger Munns",9.025300763777167,www.imdb.com/title/tt1806234/?pf_rd_m=A2FGELUUNOQJNL&pf_rd_p=12230b0e-0e00-43ed-9e59-8d5353703cce&pf_rd_r=4YX0TMGWA8M6QHASK48X&pf_rd_s=center-1&pf_rd_t=15506&pf_rd_i=toptv&ref_=chttvtp_tt_16
17,La dimensión desconocida,1959,"Rod Serling, Robert McCord",9.024766272808046,www.imdb.com/title/tt0052520/?pf_rd_m=A2FGELUUNOQJNL&pf_rd_p=12230b0e-0e00-43ed-9e59-8d5353703cce&pf_rd_r=4YX0TMGWA8M6QHASK48X&pf_rd_s=center-1&pf_rd_t=15506&pf_rd_i=toptv&ref_=chttvtp_tt_17
18,La guerra de Vietnam,2017,"Peter Coyote, Huy Duc",9.024007526517552,www.imdb.com/title/tt1877514/?pf_rd_m=A2FGELUUNOQJNL&pf_rd_p=12230b0e-0e00-43ed-9e59-8d5353703cce&pf_rd_r=4YX0TMGWA8M6QHASK48X&pf_rd_s=center-1&pf_rd_t=15506&pf_rd_i=toptv&ref_=chttvtp_tt_18
19,El decálogo,1989,"Artur Barcis, Olgierd Lukaszewicz",9.005757125813426,www.imdb.com/title/tt0092337/?pf_rd_m=A2FGELUUNOQJNL&pf_rd_p=12230b0e-0e00-43ed-9e59-8d5353703cce&pf_rd_r=4YX0TMGWA8M6QHASK48X&pf_rd_s=center-1&pf_rd_t=15506&pf_rd_i=toptv&ref_=chttvtp_tt_19
20,The Civil War,1990,"David McCullough, Sam Waterston",8.99609077710338,www.imdb.com/title/tt0098769/?pf_rd_m=A2FGELUUNOQJNL&pf_rd_p=12230b0e-0e00-43ed-9e59-8d5353703cce&pf_rd_r=4YX0TMGWA8M6QHASK48X&pf_rd_s=center-1&pf_rd_t=15506&pf_rd_i=toptv&ref_=chttvtp_tt_20
21,Firefly,2002,"Nathan Fillion, Gina Torres",8.995408857884648,www.imdb.com/title/tt0303461/?pf_rd_m=A2FGELUUNOQJNL&pf_rd_p=12230b0e-0e00-43ed-9e59-8d5353703cce&pf_rd_r=4YX0TMGWA8M6QHASK48X&pf_rd_s=center-1&pf_rd_t=15506&pf_rd_i=toptv&ref_=chttvtp_tt_21
22,Fullmetal Alchemist: Brotherhood,2009,"Iemasa Kayumi, Kent Williams",8.986355379318274,www.imdb.com/title/tt1355642/?pf_rd_m=A2FGELUUNOQJNL&pf_rd_p=12230b0e-0e00-43ed-9e59-8d5353703cce&pf_rd_r=4YX0TMGWA8M6QHASK48X&pf_rd_s=center-1&pf_rd_t=15506&pf_rd_i=toptv&ref_=chttvtp_tt_22
23,True Detective,2014,"Vince Vaughn, Colin Farrell",8.984544501029358,www.imdb.com/title/tt2356777/?pf_rd_m=A2FGELUUNOQJNL&pf_rd_p=12230b0e-0e00-43ed-9e59-8d5353703cce&pf_rd_r=4YX0TMGWA8M6QHASK48X&pf_rd_s=center-1&pf_rd_t=15506&pf_rd_i=toptv&ref_=chttvtp_tt_23
24,Fargo,2014,"Billy Bob Thornton, Martin Freeman",8.956742693338958,www.imdb.com/title/tt2802850/?pf_rd_m=A2FGELUUNOQJNL&pf_rd_p=12230b0e-0e00-43ed-9e59-8d5353703cce&pf_rd_r=4YX0TMGWA8M6QHASK48X&pf_rd_s=center-1&pf_rd_t=15506&pf_rd_i=toptv&ref_=chttvtp_tt_24
25,Last Week Tonight with John Oliver,2014,"John Oliver, David Kaye",8.943779468779043,www.imdb.com/title/tt3530232/?pf_rd_m=A2FGELUUNOQJNL&pf_rd_p=12230b0e-0e00-43ed-9e59-8d5353703cce&pf_rd_r=4YX0TMGWA8M6QHASK48X&pf_rd_s=center-1&pf_rd_t=15506&pf_rd_i=toptv&ref_=chttvtp_tt_25
26,Batman,1992,"Kevin Conroy, Loren Lester",8.933856835883278,www.imdb.com/title/tt0103359/?pf_rd_m=A2FGELUUNOQJNL&pf_rd_p=12230b0e-0e00-43ed-9e59-8d5353703cce&pf_rd_r=4YX0TMGWA8M6QHASK48X&pf_rd_s=center-1&pf_rd_t=15506&pf_rd_i=toptv&ref_=chttvtp_tt_26
27,Death Note,2006,"Mamoru Miyano, Brad Swaile",8.918374246554928,www.imdb.com/title/tt0877057/?pf_rd_m=A2FGELUUNOQJNL&pf_rd_p=12230b0e-0e00-43ed-9e59-8d5353703cce&pf_rd_r=4YX0TMGWA8M6QHASK48X&pf_rd_s=center-1&pf_rd_t=15506&pf_rd_i=toptv&ref_=chttvtp_tt_27
28,Planeta azul,2001,"David Attenborough, Pierce Brosnan",8.898784381311932,www.imdb.com/title/tt0296310/?pf_rd_m=A2FGELUUNOQJNL&pf_rd_p=12230b0e-0e00-43ed-9e59-8d5353703cce&pf_rd_r=4YX0TMGWA8M6QHASK48X&pf_rd_s=center-1&pf_rd_t=15506&pf_rd_i=toptv&ref_=chttvtp_tt_28
29,Cowboy Bebop,1998,"Kôichi Yamadera, Unshô Ishizuka",8.878238021813631,www.imdb.com/title/tt0213338/?pf_rd_m=A2FGELUUNOQJNL&pf_rd_p=12230b0e-0e00-43ed-9e59-8d5353703cce&pf_rd_r=4YX0TMGWA8M6QHASK48X&pf_rd_s=center-1&pf_rd_t=15506&pf_rd_i=toptv&ref_=chttvtp_tt_29
30,Sahsiyet,2018,"Haluk Bilginer, Cansu Dere",8.863916701797406,www.imdb.com/title/tt7920978/?pf_rd_m=A2FGELUUNOQJNL&pf_rd_p=12230b0e-0e00-43ed-9e59-8d5353703cce&pf_rd_r=4YX0TMGWA8M6QHASK48X&pf_rd_s=center-1&pf_rd_t=15506&pf_rd_i=toptv&ref_=chttvtp_tt_30
31,One Punch Man,2015,"Makoto Furukawa, Max Mittelman",8.860821423472121,www.imdb.com/title/tt4508902/?pf_rd_m=A2FGELUUNOQJNL&pf_rd_p=12230b0e-0e00-43ed-9e59-8d5353703cce&pf_rd_r=4YX0TMGWA8M6QHASK48X&pf_rd_s=center-1&pf_rd_t=15506&pf_rd_i=toptv&ref_=chttvtp_tt_31
32,Black Mirror,2011,"Daniel Lapaine, Hannah John-Kamen",8.860414995822412,www.imdb.com/title/tt2085059/?pf_rd_m=A2FGELUUNOQJNL&pf_rd_p=12230b0e-0e00-43ed-9e59-8d5353703cce&pf_rd_r=4YX0TMGWA8M6QHASK48X&pf_rd_s=center-1&pf_rd_t=15506&pf_rd_i=toptv&ref_=chttvtp_tt_32
33,Orgullo y prejuicio,1995,"Colin Firth, Jennifer Ehle",8.854212231198778,www.imdb.com/title/tt0112130/?pf_rd_m=A2FGELUUNOQJNL&pf_rd_p=12230b0e-0e00-43ed-9e59-8d5353703cce&pf_rd_r=4YX0TMGWA8M6QHASK48X&pf_rd_s=center-1&pf_rd_t=15506&pf_rd_i=toptv&ref_=chttvtp_tt_33
34,Monty Python's Flying Circus,1969,"Graham Chapman, John Cleese",8.854065641638526,www.imdb.com/title/tt0063929/?pf_rd_m=A2FGELUUNOQJNL&pf_rd_p=12230b0e-0e00-43ed-9e59-8d5353703cce&pf_rd_r=4YX0TMGWA8M6QHASK48X&pf_rd_s=center-1&pf_rd_t=15506&pf_rd_i=toptv&ref_=chttvtp_tt_34
35,El submarino,1985,"Jürgen Prochnow, Herbert Grönemeyer",8.853824906691774,www.imdb.com/title/tt0081834/?pf_rd_m=A2FGELUUNOQJNL&pf_rd_p=12230b0e-0e00-43ed-9e59-8d5353703cce&pf_rd_r=4YX0TMGWA8M6QHASK48X&pf_rd_s=center-1&pf_rd_t=15506&pf_rd_i=toptv&ref_=chttvtp_tt_35
36,Planeta helado,2011,"David Attenborough, Alec Baldwin",8.853698987469729,www.imdb.com/title/tt2092588/?pf_rd_m=A2FGELUUNOQJNL&pf_rd_p=12230b0e-0e00-43ed-9e59-8d5353703cce&pf_rd_r=4YX0TMGWA8M6QHASK48X&pf_rd_s=center-1&pf_rd_t=15506&pf_rd_i=toptv&ref_=chttvtp_tt_36
37,África,2013,"David Attenborough, Simon Blakeney",8.853598314589153,www.imdb.com/title/tt2571774/?pf_rd_m=A2FGELUUNOQJNL&pf_rd_p=12230b0e-0e00-43ed-9e59-8d5353703cce&pf_rd_r=4YX0TMGWA8M6QHASK48X&pf_rd_s=center-1&pf_rd_t=15506&pf_rd_i=toptv&ref_=chttvtp_tt_37
38,Friends,1994,"Jennifer Aniston, Courteney Cox",8.844570590889484,www.imdb.com/title/tt0108778/?pf_rd_m=A2FGELUUNOQJNL&pf_rd_p=12230b0e-0e00-43ed-9e59-8d5353703cce&pf_rd_r=4YX0TMGWA8M6QHASK48X&pf_rd_s=center-1&pf_rd_t=15506&pf_rd_i=toptv&ref_=chttvtp_tt_38
39,Stranger Things,2016,"Millie Bobby Brown, Finn Wolfhard",8.840982018216902,www.imdb.com/title/tt4574334/?pf_rd_m=A2FGELUUNOQJNL&pf_rd_p=12230b0e-0e00-43ed-9e59-8d5353703cce&pf_rd_r=4YX0TMGWA8M6QHASK48X&pf_rd_s=center-1&pf_rd_t=15506&pf_rd_i=toptv&ref_=chttvtp_tt_39
40,Arrested Development,2003,"Jason Bateman, Michael Cera",8.837311264857217,www.imdb.com/title/tt0367279/?pf_rd_m=A2FGELUUNOQJNL&pf_rd_p=12230b0e-0e00-43ed-9e59-8d5353703cce&pf_rd_r=4YX0TMGWA8M6QHASK48X&pf_rd_s=center-1&pf_rd_t=15506&pf_rd_i=toptv&ref_=chttvtp_tt_40
41,Seinfeld,1989,"Jerry Seinfeld, Julia Louis-Dreyfus",8.832639775821908,www.imdb.com/title/tt0098904/?pf_rd_m=A2FGELUUNOQJNL&pf_rd_p=12230b0e-0e00-43ed-9e59-8d5353703cce&pf_rd_r=4YX0TMGWA8M6QHASK48X&pf_rd_s=center-1&pf_rd_t=15506&pf_rd_i=toptv&ref_=chttvtp_tt_41
42,Only Fools and Horses,1981,"David Jason, Nicholas Lyndhurst",8.832021082835071,www.imdb.com/title/tt0081912/?pf_rd_m=A2FGELUUNOQJNL&pf_rd_p=12230b0e-0e00-43ed-9e59-8d5353703cce&pf_rd_r=4YX0TMGWA8M6QHASK48X&pf_rd_s=center-1&pf_rd_t=15506&pf_rd_i=toptv&ref_=chttvtp_tt_42
43,Apocalipsis - La segunda guerra mundial,2009,"Mathieu Kassovitz, Martin Sheen",8.830401298026217,www.imdb.com/title/tt1508238/?pf_rd_m=A2FGELUUNOQJNL&pf_rd_p=12230b0e-0e00-43ed-9e59-8d5353703cce&pf_rd_r=4YX0TMGWA8M6QHASK48X&pf_rd_s=center-1&pf_rd_t=15506&pf_rd_i=toptv&ref_=chttvtp_tt_43
44,House of Cards,2013,"Kevin Spacey, Michel Gill",8.818314025266123,www.imdb.com/title/tt1856010/?pf_rd_m=A2FGELUUNOQJNL&pf_rd_p=12230b0e-0e00-43ed-9e59-8d5353703cce&pf_rd_r=4YX0TMGWA8M6QHASK48X&pf_rd_s=center-1&pf_rd_t=15506&pf_rd_i=toptv&ref_=chttvtp_tt_44
45,Más allá del jardín,2014,"Elijah Wood, Collin Dean",8.815038223450374,www.imdb.com/title/tt3718778/?pf_rd_m=A2FGELUUNOQJNL&pf_rd_p=12230b0e-0e00-43ed-9e59-8d5353703cce&pf_rd_r=4YX0TMGWA8M6QHASK48X&pf_rd_s=center-1&pf_rd_t=15506&pf_rd_i=toptv&ref_=chttvtp_tt_45
46,Twin Peaks,1990,"Kyle MacLachlan, Michael Ontkean",8.810580790524394,www.imdb.com/title/tt0098936/?pf_rd_m=A2FGELUUNOQJNL&pf_rd_p=12230b0e-0e00-43ed-9e59-8d5353703cce&pf_rd_r=4YX0TMGWA8M6QHASK48X&pf_rd_s=center-1&pf_rd_t=15506&pf_rd_i=toptv&ref_=chttvtp_tt_46
47,Gravity Falls,2012,"Jason Ritter, Alex Hirsch",8.808725868461362,www.imdb.com/title/tt1865718/?pf_rd_m=A2FGELUUNOQJNL&pf_rd_p=12230b0e-0e00-43ed-9e59-8d5353703cce&pf_rd_r=4YX0TMGWA8M6QHASK48X&pf_rd_s=center-1&pf_rd_t=15506&pf_rd_i=toptv&ref_=chttvtp_tt_47
48,Westworld,2016,"Evan Rachel Wood, Jeffrey Wright",8.804591190812015,www.imdb.com/title/tt0475784/?pf_rd_m=A2FGELUUNOQJNL&pf_rd_p=12230b0e-0e00-43ed-9e59-8d5353703cce&pf_rd_r=4YX0TMGWA8M6QHASK48X&pf_rd_s=center-1&pf_rd_t=15506&pf_rd_i=toptv&ref_=chttvtp_tt_48
49,Narcos,2015,"Pedro Pascal, Wagner Moura",8.797175178162187,www.imdb.com/title/tt2707408/?pf_rd_m=A2FGELUUNOQJNL&pf_rd_p=12230b0e-0e00-43ed-9e59-8d5353703cce&pf_rd_r=4YX0TMGWA8M6QHASK48X&pf_rd_s=center-1&pf_rd_t=15506&pf_rd_i=toptv&ref_=chttvtp_tt_49
50,Instituto McKinley,1999,"Linda Cardellini, John Francis Daley",8.796698886967127,www.imdb.com/title/tt0193676/?pf_rd_m=A2FGELUUNOQJNL&pf_rd_p=12230b0e-0e00-43ed-9e59-8d5353703cce&pf_rd_r=4YX0TMGWA8M6QHASK48X&pf_rd_s=center-1&pf_rd_t=15506&pf_rd_i=toptv&ref_=chttvtp_tt_50
51,La maldición de Hill House,2018,"Michiel Huisman, Carla Gugino",8.791938731699785,www.imdb.com/title/tt6763664/?pf_rd_m=A2FGELUUNOQJNL&pf_rd_p=12230b0e-0e00-43ed-9e59-8d5353703cce&pf_rd_r=4YX0TMGWA8M6QHASK48X&pf_rd_s=center-1&pf_rd_t=15506&pf_rd_i=toptv&ref_=chttvtp_tt_51
52,"Yo, Claudio",1976,"Derek Jacobi, John Hurt",8.784552355236269,www.imdb.com/title/tt0074006/?pf_rd_m=A2FGELUUNOQJNL&pf_rd_p=12230b0e-0e00-43ed-9e59-8d5353703cce&pf_rd_r=4YX0TMGWA8M6QHASK48X&pf_rd_s=center-1&pf_rd_t=15506&pf_rd_i=toptv&ref_=chttvtp_tt_52
53,Cobra Kai,2018,"Ralph Macchio, William Zabka",8.774950111006836,www.imdb.com/title/tt7221388/?pf_rd_m=A2FGELUUNOQJNL&pf_rd_p=12230b0e-0e00-43ed-9e59-8d5353703cce&pf_rd_r=4YX0TMGWA8M6QHASK48X&pf_rd_s=center-1&pf_rd_t=15506&pf_rd_i=toptv&ref_=chttvtp_tt_53
54,TVF Pitchers,2015,"Arunabh Kumar, Naveen Kasturia",8.770529422851729,www.imdb.com/title/tt4742876/?pf_rd_m=A2FGELUUNOQJNL&pf_rd_p=12230b0e-0e00-43ed-9e59-8d5353703cce&pf_rd_r=4YX0TMGWA8M6QHASK48X&pf_rd_s=center-1&pf_rd_t=15506&pf_rd_i=toptv&ref_=chttvtp_tt_54
55,Hotel Fawlty,1975,"John Cleese, Prunella Scales",8.76202860487031,www.imdb.com/title/tt0072500/?pf_rd_m=A2FGELUUNOQJNL&pf_rd_p=12230b0e-0e00-43ed-9e59-8d5353703cce&pf_rd_r=4YX0TMGWA8M6QHASK48X&pf_rd_s=center-1&pf_rd_t=15506&pf_rd_i=toptv&ref_=chttvtp_tt_55
56,The Office,2005,"Steve Carell, Jenna Fischer",8.755291782947499,www.imdb.com/title/tt0386676/?pf_rd_m=A2FGELUUNOQJNL&pf_rd_p=12230b0e-0e00-43ed-9e59-8d5353703cce&pf_rd_r=4YX0TMGWA8M6QHASK48X&pf_rd_s=center-1&pf_rd_t=15506&pf_rd_i=toptv&ref_=chttvtp_tt_56
57,La víbora negra,1989,"Rowan Atkinson, Tony Robinson",8.751756819984285,www.imdb.com/title/tt0096548/?pf_rd_m=A2FGELUUNOQJNL&pf_rd_p=12230b0e-0e00-43ed-9e59-8d5353703cce&pf_rd_r=4YX0TMGWA8M6QHASK48X&pf_rd_s=center-1&pf_rd_t=15506&pf_rd_i=toptv&ref_=chttvtp_tt_57
58,Peaky Blinders,2013,"Cillian Murphy, Paul Anderson",8.743631326727458,www.imdb.com/title/tt2442560/?pf_rd_m=A2FGELUUNOQJNL&pf_rd_p=12230b0e-0e00-43ed-9e59-8d5353703cce&pf_rd_r=4YX0TMGWA8M6QHASK48X&pf_rd_s=center-1&pf_rd_t=15506&pf_rd_i=toptv&ref_=chttvtp_tt_58
59,Roma,2005,"Kevin McKidd, Ray Stevenson",8.734717220200897,www.imdb.com/title/tt0384766/?pf_rd_m=A2FGELUUNOQJNL&pf_rd_p=12230b0e-0e00-43ed-9e59-8d5353703cce&pf_rd_r=4YX0TMGWA8M6QHASK48X&pf_rd_s=center-1&pf_rd_t=15506&pf_rd_i=toptv&ref_=chttvtp_tt_59
60,Oz,1997,"Ernie Hudson, J.K. Simmons",8.706191443875394,www.imdb.com/title/tt0118421/?pf_rd_m=A2FGELUUNOQJNL&pf_rd_p=12230b0e-0e00-43ed-9e59-8d5353703cce&pf_rd_r=4YX0TMGWA8M6QHASK48X&pf_rd_s=center-1&pf_rd_t=15506&pf_rd_i=toptv&ref_=chttvtp_tt_60
61,Los Simpson,1989,"Dan Castellaneta, Nancy Cartwright",8.705558166044344,www.imdb.com/title/tt0096697/?pf_rd_m=A2FGELUUNOQJNL&pf_rd_p=12230b0e-0e00-43ed-9e59-8d5353703cce&pf_rd_r=4YX0TMGWA8M6QHASK48X&pf_rd_s=center-1&pf_rd_t=15506&pf_rd_i=toptv&ref_=chttvtp_tt_61
62,Colgados en Filadelfia,2005,"Charlie Day, Glenn Howerton",8.696302509657995,www.imdb.com/title/tt0472954/?pf_rd_m=A2FGELUUNOQJNL&pf_rd_p=12230b0e-0e00-43ed-9e59-8d5353703cce&pf_rd_r=4YX0TMGWA8M6QHASK48X&pf_rd_s=center-1&pf_rd_t=15506&pf_rd_i=toptv&ref_=chttvtp_tt_62
63,Ataque a los titanes,2013,"Marina Inoue, Yûki Kaji",8.688565412043461,www.imdb.com/title/tt2560140/?pf_rd_m=A2FGELUUNOQJNL&pf_rd_p=12230b0e-0e00-43ed-9e59-8d5353703cce&pf_rd_r=4YX0TMGWA8M6QHASK48X&pf_rd_s=center-1&pf_rd_t=15506&pf_rd_i=toptv&ref_=chttvtp_tt_63
64,South Park,1997,"Trey Parker, Matt Stone",8.67993226834579,www.imdb.com/title/tt0121955/?pf_rd_m=A2FGELUUNOQJNL&pf_rd_p=12230b0e-0e00-43ed-9e59-8d5353703cce&pf_rd_r=4YX0TMGWA8M6QHASK48X&pf_rd_s=center-1&pf_rd_t=15506&pf_rd_i=toptv&ref_=chttvtp_tt_64
65,House,2004,"Hugh Laurie, Omar Epps",8.674008103101352,www.imdb.com/title/tt0412142/?pf_rd_m=A2FGELUUNOQJNL&pf_rd_p=12230b0e-0e00-43ed-9e59-8d5353703cce&pf_rd_r=4YX0TMGWA8M6QHASK48X&pf_rd_s=center-1&pf_rd_t=15506&pf_rd_i=toptv&ref_=chttvtp_tt_65
66,El ala oeste de la Casa Blanca,1999,"Martin Sheen, Rob Lowe",8.671470160734309,www.imdb.com/title/tt0200276/?pf_rd_m=A2FGELUUNOQJNL&pf_rd_p=12230b0e-0e00-43ed-9e59-8d5353703cce&pf_rd_r=4YX0TMGWA8M6QHASK48X&pf_rd_s=center-1&pf_rd_t=15506&pf_rd_i=toptv&ref_=chttvtp_tt_66
67,Nathan for You,2013,"Nathan Fielder, Anthony Filosa",8.670864724984721,www.imdb.com/title/tt2297757/?pf_rd_m=A2FGELUUNOQJNL&pf_rd_p=12230b0e-0e00-43ed-9e59-8d5353703cce&pf_rd_r=4YX0TMGWA8M6QHASK48X&pf_rd_s=center-1&pf_rd_t=15506&pf_rd_i=toptv&ref_=chttvtp_tt_67
68,The Jinx (El gafe),El gafe,"Robert Durst, Andrew Jarecki",8.663767381962328,www.imdb.com/title/tt4299972/?pf_rd_m=A2FGELUUNOQJNL&pf_rd_p=12230b0e-0e00-43ed-9e59-8d5353703cce&pf_rd_r=4YX0TMGWA8M6QHASK48X&pf_rd_s=center-1&pf_rd_t=15506&pf_rd_i=toptv&ref_=chttvtp_tt_68
69,Paloma Solitaria,1989,"Robert Duvall, Tommy Lee Jones",8.663565567294137,www.imdb.com/title/tt0096639/?pf_rd_m=A2FGELUUNOQJNL&pf_rd_p=12230b0e-0e00-43ed-9e59-8d5353703cce&pf_rd_r=4YX0TMGWA8M6QHASK48X&pf_rd_s=center-1&pf_rd_t=15506&pf_rd_i=toptv&ref_=chttvtp_tt_69
70,Chappelle's Show,2003,"Dave Chappelle, Donnell Rawlings",8.66310496721865,www.imdb.com/title/tt0353049/?pf_rd_m=A2FGELUUNOQJNL&pf_rd_p=12230b0e-0e00-43ed-9e59-8d5353703cce&pf_rd_r=4YX0TMGWA8M6QHASK48X&pf_rd_s=center-1&pf_rd_t=15506&pf_rd_i=toptv&ref_=chttvtp_tt_70
71,Larry David (Curb Your Enthusiasm),Curb Your Enthusiasm,"Larry David, Cheryl Hines",8.66260040202312,www.imdb.com/title/tt0264235/?pf_rd_m=A2FGELUUNOQJNL&pf_rd_p=12230b0e-0e00-43ed-9e59-8d5353703cce&pf_rd_r=4YX0TMGWA8M6QHASK48X&pf_rd_s=center-1&pf_rd_t=15506&pf_rd_i=toptv&ref_=chttvtp_tt_71
72,Dragon Ball Z,1996,"Doc Harris, Christopher Sabat",8.662419007921251,www.imdb.com/title/tt0214341/?pf_rd_m=A2FGELUUNOQJNL&pf_rd_p=12230b0e-0e00-43ed-9e59-8d5353703cce&pf_rd_r=4YX0TMGWA8M6QHASK48X&pf_rd_s=center-1&pf_rd_t=15506&pf_rd_i=toptv&ref_=chttvtp_tt_72
73,Deadwood,2004,"Timothy Olyphant, Ian McShane",8.657435823654506,www.imdb.com/title/tt0348914/?pf_rd_m=A2FGELUUNOQJNL&pf_rd_p=12230b0e-0e00-43ed-9e59-8d5353703cce&pf_rd_r=4YX0TMGWA8M6QHASK48X&pf_rd_s=center-1&pf_rd_t=15506&pf_rd_i=toptv&ref_=chttvtp_tt_73
74,Steins;Gate,2011,"Mamoru Miyano, Asami Imai",8.656540519150193,www.imdb.com/title/tt1910272/?pf_rd_m=A2FGELUUNOQJNL&pf_rd_p=12230b0e-0e00-43ed-9e59-8d5353703cce&pf_rd_r=4YX0TMGWA8M6QHASK48X&pf_rd_s=center-1&pf_rd_t=15506&pf_rd_i=toptv&ref_=chttvtp_tt_74
75,Dragon Ball Z,1989,"Jôji Yanami, Kyle Hebert",8.656459600293292,www.imdb.com/title/tt0121220/?pf_rd_m=A2FGELUUNOQJNL&pf_rd_p=12230b0e-0e00-43ed-9e59-8d5353703cce&pf_rd_r=4YX0TMGWA8M6QHASK48X&pf_rd_s=center-1&pf_rd_t=15506&pf_rd_i=toptv&ref_=chttvtp_tt_75
76,Las aventuras de Sherlock Holmes,1984,"Jeremy Brett, David Burke",8.655788745389172,www.imdb.com/title/tt0086661/?pf_rd_m=A2FGELUUNOQJNL&pf_rd_p=12230b0e-0e00-43ed-9e59-8d5353703cce&pf_rd_r=4YX0TMGWA8M6QHASK48X&pf_rd_s=center-1&pf_rd_t=15506&pf_rd_i=toptv&ref_=chttvtp_tt_76
77,A dos metros bajo tierra,2001,"Peter Krause, Michael C. Hall",8.652937471438975,www.imdb.com/title/tt0248654/?pf_rd_m=A2FGELUUNOQJNL&pf_rd_p=12230b0e-0e00-43ed-9e59-8d5353703cce&pf_rd_r=4YX0TMGWA8M6QHASK48X&pf_rd_s=center-1&pf_rd_t=15506&pf_rd_i=toptv&ref_=chttvtp_tt_77
78,"Galáctica, estrella de combate",2004,"Edward James Olmos, Mary McDonnell",8.652904204890705,www.imdb.com/title/tt0407362/?pf_rd_m=A2FGELUUNOQJNL&pf_rd_p=12230b0e-0e00-43ed-9e59-8d5353703cce&pf_rd_r=4YX0TMGWA8M6QHASK48X&pf_rd_s=center-1&pf_rd_t=15506&pf_rd_i=toptv&ref_=chttvtp_tt_78
79,Better Call Saul,2015,"Bob Odenkirk, Rhea Seehorn",8.649978486882082,www.imdb.com/title/tt3032476/?pf_rd_m=A2FGELUUNOQJNL&pf_rd_p=12230b0e-0e00-43ed-9e59-8d5353703cce&pf_rd_r=4YX0TMGWA8M6QHASK48X&pf_rd_s=center-1&pf_rd_t=15506&pf_rd_i=toptv&ref_=chttvtp_tt_79
80,The Thick of It,2005,"Chris Addison, James Smith",8.646164363762571,www.imdb.com/title/tt0459159/?pf_rd_m=A2FGELUUNOQJNL&pf_rd_p=12230b0e-0e00-43ed-9e59-8d5353703cce&pf_rd_r=4YX0TMGWA8M6QHASK48X&pf_rd_s=center-1&pf_rd_t=15506&pf_rd_i=toptv&ref_=chttvtp_tt_80
81,The Crown,2016,"Claire Foy, Matt Smith",8.6431035624559,www.imdb.com/title/tt4786824/?pf_rd_m=A2FGELUUNOQJNL&pf_rd_p=12230b0e-0e00-43ed-9e59-8d5353703cce&pf_rd_r=4YX0TMGWA8M6QHASK48X&pf_rd_s=center-1&pf_rd_t=15506&pf_rd_i=toptv&ref_=chttvtp_tt_81
82,Las memorias de Sherlock Holmes,1994,"Jeremy Brett, Rosalie Williams",8.642589070205956,www.imdb.com/title/tt0108855/?pf_rd_m=A2FGELUUNOQJNL&pf_rd_p=12230b0e-0e00-43ed-9e59-8d5353703cce&pf_rd_r=4YX0TMGWA8M6QHASK48X&pf_rd_s=center-1&pf_rd_t=15506&pf_rd_i=toptv&ref_=chttvtp_tt_82
83,El regreso de Sherlock Holmes,1986,"Jeremy Brett, Edward Hardwicke",8.642212560656553,www.imdb.com/title/tt0090509/?pf_rd_m=A2FGELUUNOQJNL&pf_rd_p=12230b0e-0e00-43ed-9e59-8d5353703cce&pf_rd_r=4YX0TMGWA8M6QHASK48X&pf_rd_s=center-1&pf_rd_t=15506&pf_rd_i=toptv&ref_=chttvtp_tt_83
84,This Is Us,2016,"Milo Ventimiglia, Mandy Moore",8.637612358148834,www.imdb.com/title/tt5555260/?pf_rd_m=A2FGELUUNOQJNL&pf_rd_p=12230b0e-0e00-43ed-9e59-8d5353703cce&pf_rd_r=4YX0TMGWA8M6QHASK48X&pf_rd_s=center-1&pf_rd_t=15506&pf_rd_i=toptv&ref_=chttvtp_tt_84
85,Top Gear,2002,"Jeremy Clarkson, Richard Hammond",8.635601354909221,www.imdb.com/title/tt1628033/?pf_rd_m=A2FGELUUNOQJNL&pf_rd_p=12230b0e-0e00-43ed-9e59-8d5353703cce&pf_rd_r=4YX0TMGWA8M6QHASK48X&pf_rd_s=center-1&pf_rd_t=15506&pf_rd_i=toptv&ref_=chttvtp_tt_85
86,The Shield: Al margen de la ley,2002,"Michael Chiklis, Catherine Dent",8.632654606908597,www.imdb.com/title/tt0286486/?pf_rd_m=A2FGELUUNOQJNL&pf_rd_p=12230b0e-0e00-43ed-9e59-8d5353703cce&pf_rd_r=4YX0TMGWA8M6QHASK48X&pf_rd_s=center-1&pf_rd_t=15506&pf_rd_i=toptv&ref_=chttvtp_tt_86
87,Mind Your Language,1977,"Barry Evans, George Camiller",8.632520314445857,www.imdb.com/title/tt0075537/?pf_rd_m=A2FGELUUNOQJNL&pf_rd_p=12230b0e-0e00-43ed-9e59-8d5353703cce&pf_rd_r=4YX0TMGWA8M6QHASK48X&pf_rd_s=center-1&pf_rd_t=15506&pf_rd_i=toptv&ref_=chttvtp_tt_87
88,Expediente X,1993,"David Duchovny, Gillian Anderson",8.63103109436851,www.imdb.com/title/tt0106179/?pf_rd_m=A2FGELUUNOQJNL&pf_rd_p=12230b0e-0e00-43ed-9e59-8d5353703cce&pf_rd_r=4YX0TMGWA8M6QHASK48X&pf_rd_s=center-1&pf_rd_t=15506&pf_rd_i=toptv&ref_=chttvtp_tt_88
89,De la Tierra a la Luna,1998,"Tom Hanks, Nick Searcy",8.628679063533538,www.imdb.com/title/tt0120570/?pf_rd_m=A2FGELUUNOQJNL&pf_rd_p=12230b0e-0e00-43ed-9e59-8d5353703cce&pf_rd_r=4YX0TMGWA8M6QHASK48X&pf_rd_s=center-1&pf_rd_t=15506&pf_rd_i=toptv&ref_=chttvtp_tt_89
90,Juegos sagrados,2018,"Saif Ali Khan, Nawazuddin Siddiqui",8.627266388483456,www.imdb.com/title/tt6077448/?pf_rd_m=A2FGELUUNOQJNL&pf_rd_p=12230b0e-0e00-43ed-9e59-8d5353703cce&pf_rd_r=4YX0TMGWA8M6QHASK48X&pf_rd_s=center-1&pf_rd_t=15506&pf_rd_i=toptv&ref_=chttvtp_tt_90
91,Archer,2009,"H. Jon Benjamin, Judy Greer",8.626795194577753,www.imdb.com/title/tt1486217/?pf_rd_m=A2FGELUUNOQJNL&pf_rd_p=12230b0e-0e00-43ed-9e59-8d5353703cce&pf_rd_r=4YX0TMGWA8M6QHASK48X&pf_rd_s=center-1&pf_rd_t=15506&pf_rd_i=toptv&ref_=chttvtp_tt_91
92,Dexter,2006,"Michael C. Hall, Jennifer Carpenter",8.625457628373905,www.imdb.com/title/tt0773262/?pf_rd_m=A2FGELUUNOQJNL&pf_rd_p=12230b0e-0e00-43ed-9e59-8d5353703cce&pf_rd_r=4YX0TMGWA8M6QHASK48X&pf_rd_s=center-1&pf_rd_t=15506&pf_rd_i=toptv&ref_=chttvtp_tt_92
93,La víbora negra,1986,"Rowan Atkinson, Tony Robinson",8.619045975733156,www.imdb.com/title/tt0088484/?pf_rd_m=A2FGELUUNOQJNL&pf_rd_p=12230b0e-0e00-43ed-9e59-8d5353703cce&pf_rd_r=4YX0TMGWA8M6QHASK48X&pf_rd_s=center-1&pf_rd_t=15506&pf_rd_i=toptv&ref_=chttvtp_tt_93
94,Monster,2004,"Hidenobu Kiuchi, Liam O'Brien",8.618941398293241,www.imdb.com/title/tt0434706/?pf_rd_m=A2FGELUUNOQJNL&pf_rd_p=12230b0e-0e00-43ed-9e59-8d5353703cce&pf_rd_r=4YX0TMGWA8M6QHASK48X&pf_rd_s=center-1&pf_rd_t=15506&pf_rd_i=toptv&ref_=chttvtp_tt_94
95,Making a Murderer,2015,"Dolores Avery, Steven Avery",8.617527083509664,www.imdb.com/title/tt5189670/?pf_rd_m=A2FGELUUNOQJNL&pf_rd_p=12230b0e-0e00-43ed-9e59-8d5353703cce&pf_rd_r=4YX0TMGWA8M6QHASK48X&pf_rd_s=center-1&pf_rd_t=15506&pf_rd_i=toptv&ref_=chttvtp_tt_95
96,Downton Abbey,2010,"Hugh Bonneville, Phyllis Logan",8.616778239056226,www.imdb.com/title/tt1606375/?pf_rd_m=A2FGELUUNOQJNL&pf_rd_p=12230b0e-0e00-43ed-9e59-8d5353703cce&pf_rd_r=4YX0TMGWA8M6QHASK48X&pf_rd_s=center-1&pf_rd_t=15506&pf_rd_i=toptv&ref_=chttvtp_tt_96
97,Daredevil,2015,"Charlie Cox, Vincent D'Onofrio",8.6130502646104,www.imdb.com/title/tt3322312/?pf_rd_m=A2FGELUUNOQJNL&pf_rd_p=12230b0e-0e00-43ed-9e59-8d5353703cce&pf_rd_r=4YX0TMGWA8M6QHASK48X&pf_rd_s=center-1&pf_rd_t=15506&pf_rd_i=toptv&ref_=chttvtp_tt_97
98,Masum,2017,"Haluk Bilginer, Nur Sürer",8.608845515629842,www.imdb.com/title/tt6478318/?pf_rd_m=A2FGELUUNOQJNL&pf_rd_p=12230b0e-0e00-43ed-9e59-8d5353703cce&pf_rd_r=4YX0TMGWA8M6QHASK48X&pf_rd_s=center-1&pf_rd_t=15506&pf_rd_i=toptv&ref_=chttvtp_tt_98
99,Norte y Sur,2004,"Daniela Denby-Ashe, Richard Armitage",8.608088510761608,www.imdb.com/title/tt0417349/?pf_rd_m=A2FGELUUNOQJNL&pf_rd_p=12230b0e-0e00-43ed-9e59-8d5353703cce&pf_rd_r=4YX0TMGWA8M6QHASK48X&pf_rd_s=center-1&pf_rd_t=15506&pf_rd_i=toptv&ref_=chttvtp_tt_99
100, El mundo en moto con Ewan McGregor,2004,"Ewan McGregor, Charley Boorman",8.599532503642402,www.imdb.com/title/tt0403778/?pf_rd_m=A2FGELUUNOQJNL&pf_rd_p=12230b0e-0e00-43ed-9e59-8d5353703cce&pf_rd_r=4YX0TMGWA8M6QHASK48X&pf_rd_s=center-1&pf_rd_t=15506&pf_rd_i=toptv&ref_=chttvtp_tt_100
101,La joven Liga de la Justicia,2010,"Danica McKellar, Jesse McCartney",8.598779160605728,www.imdb.com/title/tt1641384/?pf_rd_m=A2FGELUUNOQJNL&pf_rd_p=12230b0e-0e00-43ed-9e59-8d5353703cce&pf_rd_r=4YX0TMGWA8M6QHASK48X&pf_rd_s=center-1&pf_rd_t=15506&pf_rd_i=toptv&ref_=chttvtp_tt_101
102,La maravillosa Sra Maisel,2017,"Matilda Szydagis, Rachel Brosnahan",8.598660405294128,www.imdb.com/title/tt5788792/?pf_rd_m=A2FGELUUNOQJNL&pf_rd_p=12230b0e-0e00-43ed-9e59-8d5353703cce&pf_rd_r=4YX0TMGWA8M6QHASK48X&pf_rd_s=center-1&pf_rd_t=15506&pf_rd_i=toptv&ref_=chttvtp_tt_102
103,Code Geass: Lelouch of the Rebellion,2006,"Johnny Yong Bosch, Jun Fukuyama",8.597625160631917,www.imdb.com/title/tt0994314/?pf_rd_m=A2FGELUUNOQJNL&pf_rd_p=12230b0e-0e00-43ed-9e59-8d5353703cce&pf_rd_r=4YX0TMGWA8M6QHASK48X&pf_rd_s=center-1&pf_rd_t=15506&pf_rd_i=toptv&ref_=chttvtp_tt_103
104,Bron (El puente),El puente,"Sofia Helin, Rafael Pettersson",8.596733397677026,www.imdb.com/title/tt1733785/?pf_rd_m=A2FGELUUNOQJNL&pf_rd_p=12230b0e-0e00-43ed-9e59-8d5353703cce&pf_rd_r=4YX0TMGWA8M6QHASK48X&pf_rd_s=center-1&pf_rd_t=15506&pf_rd_i=toptv&ref_=chttvtp_tt_104
105,Parks and Recreation,2009,"Amy Poehler, Jim O'Heir",8.596656450700685,www.imdb.com/title/tt1266020/?pf_rd_m=A2FGELUUNOQJNL&pf_rd_p=12230b0e-0e00-43ed-9e59-8d5353703cce&pf_rd_r=4YX0TMGWA8M6QHASK48X&pf_rd_s=center-1&pf_rd_t=15506&pf_rd_i=toptv&ref_=chttvtp_tt_105
106,La víbora negra,1987,"Rowan Atkinson, Tony Robinson",8.596599700201557,www.imdb.com/title/tt0092324/?pf_rd_m=A2FGELUUNOQJNL&pf_rd_p=12230b0e-0e00-43ed-9e59-8d5353703cce&pf_rd_r=4YX0TMGWA8M6QHASK48X&pf_rd_s=center-1&pf_rd_t=15506&pf_rd_i=toptv&ref_=chttvtp_tt_106
107,Star Trek: La nueva generación,1987,"Patrick Stewart, Brent Spiner",8.59522292958125,www.imdb.com/title/tt0092455/?pf_rd_m=A2FGELUUNOQJNL&pf_rd_p=12230b0e-0e00-43ed-9e59-8d5353703cce&pf_rd_r=4YX0TMGWA8M6QHASK48X&pf_rd_s=center-1&pf_rd_t=15506&pf_rd_i=toptv&ref_=chttvtp_tt_107
108,Doctor Who,2005,"Jodie Whittaker, Peter Capaldi",8.593562146556694,www.imdb.com/title/tt0436992/?pf_rd_m=A2FGELUUNOQJNL&pf_rd_p=12230b0e-0e00-43ed-9e59-8d5353703cce&pf_rd_r=4YX0TMGWA8M6QHASK48X&pf_rd_s=center-1&pf_rd_t=15506&pf_rd_i=toptv&ref_=chttvtp_tt_108
109,Shameless,2011,"Emmy Rossum, William H. Macy",8.592865922377372,www.imdb.com/title/tt1586680/?pf_rd_m=A2FGELUUNOQJNL&pf_rd_p=12230b0e-0e00-43ed-9e59-8d5353703cce&pf_rd_r=4YX0TMGWA8M6QHASK48X&pf_rd_s=center-1&pf_rd_t=15506&pf_rd_i=toptv&ref_=chttvtp_tt_109
110,Yeh Meri Family,2018,"Vishesh Bansal, Mona Singh",8.591238621208397,www.imdb.com/title/tt8595766/?pf_rd_m=A2FGELUUNOQJNL&pf_rd_p=12230b0e-0e00-43ed-9e59-8d5353703cce&pf_rd_r=4YX0TMGWA8M6QHASK48X&pf_rd_s=center-1&pf_rd_t=15506&pf_rd_i=toptv&ref_=chttvtp_tt_110
111,Battlestar Galactica,2003,"Edward James Olmos, Mary McDonnell",8.591170798056424,www.imdb.com/title/tt0314979/?pf_rd_m=A2FGELUUNOQJNL&pf_rd_p=12230b0e-0e00-43ed-9e59-8d5353703cce&pf_rd_r=4YX0TMGWA8M6QHASK48X&pf_rd_s=center-1&pf_rd_t=15506&pf_rd_i=toptv&ref_=chttvtp_tt_111
112,Spaced,1999,"Jessica Hynes, Simon Pegg",8.590054322790936,www.imdb.com/title/tt0187664/?pf_rd_m=A2FGELUUNOQJNL&pf_rd_p=12230b0e-0e00-43ed-9e59-8d5353703cce&pf_rd_r=4YX0TMGWA8M6QHASK48X&pf_rd_s=center-1&pf_rd_t=15506&pf_rd_i=toptv&ref_=chttvtp_tt_112
113,El alquimista de acero,2003,"Vic Mignogna, Aaron Dismuke",8.58913522231335,www.imdb.com/title/tt0421357/?pf_rd_m=A2FGELUUNOQJNL&pf_rd_p=12230b0e-0e00-43ed-9e59-8d5353703cce&pf_rd_r=4YX0TMGWA8M6QHASK48X&pf_rd_s=center-1&pf_rd_t=15506&pf_rd_i=toptv&ref_=chttvtp_tt_113
114,Gomorra,2014,"Marco D'Amore, Salvatore Esposito",8.586797724404903,www.imdb.com/title/tt2049116/?pf_rd_m=A2FGELUUNOQJNL&pf_rd_p=12230b0e-0e00-43ed-9e59-8d5353703cce&pf_rd_r=4YX0TMGWA8M6QHASK48X&pf_rd_s=center-1&pf_rd_t=15506&pf_rd_i=toptv&ref_=chttvtp_tt_114
115,The Grand Tour,2016,"Jeremy Clarkson, James May",8.586694513562435,www.imdb.com/title/tt5712554/?pf_rd_m=A2FGELUUNOQJNL&pf_rd_p=12230b0e-0e00-43ed-9e59-8d5353703cce&pf_rd_r=4YX0TMGWA8M6QHASK48X&pf_rd_s=center-1&pf_rd_t=15506&pf_rd_i=toptv&ref_=chttvtp_tt_115
116,Secretos del Universo con Morgan Freeman,2010,"Morgan Freeman, Sean Carroll",8.582595073888008,www.imdb.com/title/tt1513168/?pf_rd_m=A2FGELUUNOQJNL&pf_rd_p=12230b0e-0e00-43ed-9e59-8d5353703cce&pf_rd_r=4YX0TMGWA8M6QHASK48X&pf_rd_s=center-1&pf_rd_t=15506&pf_rd_i=toptv&ref_=chttvtp_tt_116
117,Leyla and Mecnun,2011,"Ali Atay, Cengiz Bozkurt",8.579193205443401,www.imdb.com/title/tt1831164/?pf_rd_m=A2FGELUUNOQJNL&pf_rd_p=12230b0e-0e00-43ed-9e59-8d5353703cce&pf_rd_r=4YX0TMGWA8M6QHASK48X&pf_rd_s=center-1&pf_rd_t=15506&pf_rd_i=toptv&ref_=chttvtp_tt_117
118,"Kenshin, el guerrero samurái: Recuerdos",1999,"Mayo Suzukaze, Junko Iwao",8.578972722582666,www.imdb.com/title/tt0203082/?pf_rd_m=A2FGELUUNOQJNL&pf_rd_p=12230b0e-0e00-43ed-9e59-8d5353703cce&pf_rd_r=4YX0TMGWA8M6QHASK48X&pf_rd_s=center-1&pf_rd_t=15506&pf_rd_i=toptv&ref_=chttvtp_tt_118
119,QI,2003,"Alan Davies, Stephen Fry",8.578142222122338,www.imdb.com/title/tt0380136/?pf_rd_m=A2FGELUUNOQJNL&pf_rd_p=12230b0e-0e00-43ed-9e59-8d5353703cce&pf_rd_r=4YX0TMGWA8M6QHASK48X&pf_rd_s=center-1&pf_rd_t=15506&pf_rd_i=toptv&ref_=chttvtp_tt_119
120,Mad Men,2007,"Jon Hamm, Elisabeth Moss",8.57774072312293,www.imdb.com/title/tt0804503/?pf_rd_m=A2FGELUUNOQJNL&pf_rd_p=12230b0e-0e00-43ed-9e59-8d5353703cce&pf_rd_r=4YX0TMGWA8M6QHASK48X&pf_rd_s=center-1&pf_rd_t=15506&pf_rd_i=toptv&ref_=chttvtp_tt_120
121,The Bugs Bunny Show,1960,"Mel Blanc, June Foray",8.5727913511066,www.imdb.com/title/tt0053488/?pf_rd_m=A2FGELUUNOQJNL&pf_rd_p=12230b0e-0e00-43ed-9e59-8d5353703cce&pf_rd_r=4YX0TMGWA8M6QHASK48X&pf_rd_s=center-1&pf_rd_t=15506&pf_rd_i=toptv&ref_=chttvtp_tt_121
122,Atlanta,2016,"Donald Glover, Brian Tyree Henry",8.571788168882332,www.imdb.com/title/tt4288182/?pf_rd_m=A2FGELUUNOQJNL&pf_rd_p=12230b0e-0e00-43ed-9e59-8d5353703cce&pf_rd_r=4YX0TMGWA8M6QHASK48X&pf_rd_s=center-1&pf_rd_t=15506&pf_rd_i=toptv&ref_=chttvtp_tt_122
123,The Defiant Ones,2017,"Dr. Dre, Jimmy Iovine",8.571163807845046,www.imdb.com/title/tt6958022/?pf_rd_m=A2FGELUUNOQJNL&pf_rd_p=12230b0e-0e00-43ed-9e59-8d5353703cce&pf_rd_r=4YX0TMGWA8M6QHASK48X&pf_rd_s=center-1&pf_rd_t=15506&pf_rd_i=toptv&ref_=chttvtp_tt_123
124,The Punisher,2017,"Jon Bernthal, Amber Rose Revah",8.570786275948063,www.imdb.com/title/tt5675620/?pf_rd_m=A2FGELUUNOQJNL&pf_rd_p=12230b0e-0e00-43ed-9e59-8d5353703cce&pf_rd_r=4YX0TMGWA8M6QHASK48X&pf_rd_s=center-1&pf_rd_t=15506&pf_rd_i=toptv&ref_=chttvtp_tt_124
125,Umbre,2014,"Serban Pavlu, Maria Obretin",8.56764378860882,www.imdb.com/title/tt4269716/?pf_rd_m=A2FGELUUNOQJNL&pf_rd_p=12230b0e-0e00-43ed-9e59-8d5353703cce&pf_rd_r=4YX0TMGWA8M6QHASK48X&pf_rd_s=center-1&pf_rd_t=15506&pf_rd_i=toptv&ref_=chttvtp_tt_125
126,Friday Night Lights,2006,"Kyle Chandler, Connie Britton",8.566330275946754,www.imdb.com/title/tt0758745/?pf_rd_m=A2FGELUUNOQJNL&pf_rd_p=12230b0e-0e00-43ed-9e59-8d5353703cce&pf_rd_r=4YX0TMGWA8M6QHASK48X&pf_rd_s=center-1&pf_rd_t=15506&pf_rd_i=toptv&ref_=chttvtp_tt_126
127,Skam,2015,"Josefine Frida Pettersen, Iman Meskini",8.564002897795115,www.imdb.com/title/tt5288312/?pf_rd_m=A2FGELUUNOQJNL&pf_rd_p=12230b0e-0e00-43ed-9e59-8d5353703cce&pf_rd_r=4YX0TMGWA8M6QHASK48X&pf_rd_s=center-1&pf_rd_t=15506&pf_rd_i=toptv&ref_=chttvtp_tt_127
128,"Sí, ministro",1980,"Paul Eddington, Nigel Hawthorne",8.558740861953252,www.imdb.com/title/tt0080306/?pf_rd_m=A2FGELUUNOQJNL&pf_rd_p=12230b0e-0e00-43ed-9e59-8d5353703cce&pf_rd_r=4YX0TMGWA8M6QHASK48X&pf_rd_s=center-1&pf_rd_t=15506&pf_rd_i=toptv&ref_=chttvtp_tt_128
129,Padre Ted,1995,"Dermot Morgan, Ardal O'Hanlon",8.556547825721188,www.imdb.com/title/tt0111958/?pf_rd_m=A2FGELUUNOQJNL&pf_rd_p=12230b0e-0e00-43ed-9e59-8d5353703cce&pf_rd_r=4YX0TMGWA8M6QHASK48X&pf_rd_s=center-1&pf_rd_t=15506&pf_rd_i=toptv&ref_=chttvtp_tt_129
130,Misterio en el espacio,1988,"Joel Hodgson, Michael J. Nelson",8.555890516420936,www.imdb.com/title/tt0094517/?pf_rd_m=A2FGELUUNOQJNL&pf_rd_p=12230b0e-0e00-43ed-9e59-8d5353703cce&pf_rd_r=4YX0TMGWA8M6QHASK48X&pf_rd_s=center-1&pf_rd_t=15506&pf_rd_i=toptv&ref_=chttvtp_tt_130
131,Chef's Table,2015,"Dan Barber, Massimo Bottura",8.5552618778597,www.imdb.com/title/tt4295140/?pf_rd_m=A2FGELUUNOQJNL&pf_rd_p=12230b0e-0e00-43ed-9e59-8d5353703cce&pf_rd_r=4YX0TMGWA8M6QHASK48X&pf_rd_s=center-1&pf_rd_t=15506&pf_rd_i=toptv&ref_=chttvtp_tt_131
132,Los caballeros del zodíaco,1986,"Hideyuki Tanaka, Tôru Furuya",8.553779338100707,www.imdb.com/title/tt0161952/?pf_rd_m=A2FGELUUNOQJNL&pf_rd_p=12230b0e-0e00-43ed-9e59-8d5353703cce&pf_rd_r=4YX0TMGWA8M6QHASK48X&pf_rd_s=center-1&pf_rd_t=15506&pf_rd_i=toptv&ref_=chttvtp_tt_132
133,Peep Show,2003,"David Mitchell, Robert Webb",8.553713896184309,www.imdb.com/title/tt0387764/?pf_rd_m=A2FGELUUNOQJNL&pf_rd_p=12230b0e-0e00-43ed-9e59-8d5353703cce&pf_rd_r=4YX0TMGWA8M6QHASK48X&pf_rd_s=center-1&pf_rd_t=15506&pf_rd_i=toptv&ref_=chttvtp_tt_133
134,Brass Eye,1997,"Christopher Morris, Mark Heap",8.552778713842008,www.imdb.com/title/tt0118273/?pf_rd_m=A2FGELUUNOQJNL&pf_rd_p=12230b0e-0e00-43ed-9e59-8d5353703cce&pf_rd_r=4YX0TMGWA8M6QHASK48X&pf_rd_s=center-1&pf_rd_t=15506&pf_rd_i=toptv&ref_=chttvtp_tt_134
135,La Liga de la Justicia,2001,"Carl Lumbly, Phil LaMarr",8.551333054682196,www.imdb.com/title/tt0275137/?pf_rd_m=A2FGELUUNOQJNL&pf_rd_p=12230b0e-0e00-43ed-9e59-8d5353703cce&pf_rd_r=4YX0TMGWA8M6QHASK48X&pf_rd_s=center-1&pf_rd_t=15506&pf_rd_i=toptv&ref_=chttvtp_tt_135
136,Los Conchords,2007,"Jemaine Clement, Bret McKenzie",8.551071298585233,www.imdb.com/title/tt0863046/?pf_rd_m=A2FGELUUNOQJNL&pf_rd_p=12230b0e-0e00-43ed-9e59-8d5353703cce&pf_rd_r=4YX0TMGWA8M6QHASK48X&pf_rd_s=center-1&pf_rd_t=15506&pf_rd_i=toptv&ref_=chttvtp_tt_136
137,Dark,2017,"Oliver Masucci, Karoline Eichhorn",8.549188042944094,www.imdb.com/title/tt5753856/?pf_rd_m=A2FGELUUNOQJNL&pf_rd_p=12230b0e-0e00-43ed-9e59-8d5353703cce&pf_rd_r=4YX0TMGWA8M6QHASK48X&pf_rd_s=center-1&pf_rd_t=15506&pf_rd_i=toptv&ref_=chttvtp_tt_137
138,Neon Genesis Evangelion,1995,"Megumi Ogata, Megumi Hayashibara",8.547137746726193,www.imdb.com/title/tt0112159/?pf_rd_m=A2FGELUUNOQJNL&pf_rd_p=12230b0e-0e00-43ed-9e59-8d5353703cce&pf_rd_r=4YX0TMGWA8M6QHASK48X&pf_rd_s=center-1&pf_rd_t=15506&pf_rd_i=toptv&ref_=chttvtp_tt_138
139,Generation Kill,2008,"Alexander Skarsgård, James Ransone",8.546651154341793,www.imdb.com/title/tt0995832/?pf_rd_m=A2FGELUUNOQJNL&pf_rd_p=12230b0e-0e00-43ed-9e59-8d5353703cce&pf_rd_r=4YX0TMGWA8M6QHASK48X&pf_rd_s=center-1&pf_rd_t=15506&pf_rd_i=toptv&ref_=chttvtp_tt_139
140,Justified: La ley de Raylan,2010,"Timothy Olyphant, Nick Searcy",8.546415451432532,www.imdb.com/title/tt1489428/?pf_rd_m=A2FGELUUNOQJNL&pf_rd_p=12230b0e-0e00-43ed-9e59-8d5353703cce&pf_rd_r=4YX0TMGWA8M6QHASK48X&pf_rd_s=center-1&pf_rd_t=15506&pf_rd_i=toptv&ref_=chttvtp_tt_140
141,The Newsroom,2012,"Jeff Daniels, Emily Mortimer",8.546297038336471,www.imdb.com/title/tt1870479/?pf_rd_m=A2FGELUUNOQJNL&pf_rd_p=12230b0e-0e00-43ed-9e59-8d5353703cce&pf_rd_r=4YX0TMGWA8M6QHASK48X&pf_rd_s=center-1&pf_rd_t=15506&pf_rd_i=toptv&ref_=chttvtp_tt_141
142,"Sí, primer ministro",1986,"Paul Eddington, Nigel Hawthorne",8.540527013831012,www.imdb.com/title/tt0086831/?pf_rd_m=A2FGELUUNOQJNL&pf_rd_p=12230b0e-0e00-43ed-9e59-8d5353703cce&pf_rd_r=4YX0TMGWA8M6QHASK48X&pf_rd_s=center-1&pf_rd_t=15506&pf_rd_i=toptv&ref_=chttvtp_tt_142
143,Hunter x Hunter,2011,"Megumi Han, Mariya Ise",8.539908451265976,www.imdb.com/title/tt2098220/?pf_rd_m=A2FGELUUNOQJNL&pf_rd_p=12230b0e-0e00-43ed-9e59-8d5353703cce&pf_rd_r=4YX0TMGWA8M6QHASK48X&pf_rd_s=center-1&pf_rd_t=15506&pf_rd_i=toptv&ref_=chttvtp_tt_143
144,Agatha Christie: Poirot,1989,"David Suchet, Hugh Fraser",8.538662827467304,www.imdb.com/title/tt0094525/?pf_rd_m=A2FGELUUNOQJNL&pf_rd_p=12230b0e-0e00-43ed-9e59-8d5353703cce&pf_rd_r=4YX0TMGWA8M6QHASK48X&pf_rd_s=center-1&pf_rd_t=15506&pf_rd_i=toptv&ref_=chttvtp_tt_144
145,Big Little Lies,2017,"Reese Witherspoon, Nicole Kidman",8.536544594213986,www.imdb.com/title/tt3920596/?pf_rd_m=A2FGELUUNOQJNL&pf_rd_p=12230b0e-0e00-43ed-9e59-8d5353703cce&pf_rd_r=4YX0TMGWA8M6QHASK48X&pf_rd_s=center-1&pf_rd_t=15506&pf_rd_i=toptv&ref_=chttvtp_tt_145
146,Boardwalk Empire,2010,"Steve Buscemi, Kelly Macdonald",8.534777486189038,www.imdb.com/title/tt0979432/?pf_rd_m=A2FGELUUNOQJNL&pf_rd_p=12230b0e-0e00-43ed-9e59-8d5353703cce&pf_rd_r=4YX0TMGWA8M6QHASK48X&pf_rd_s=center-1&pf_rd_t=15506&pf_rd_i=toptv&ref_=chttvtp_tt_146
147,John Adams,2008,"Paul Giamatti, Laura Linney",8.533495505203943,www.imdb.com/title/tt0472027/?pf_rd_m=A2FGELUUNOQJNL&pf_rd_p=12230b0e-0e00-43ed-9e59-8d5353703cce&pf_rd_r=4YX0TMGWA8M6QHASK48X&pf_rd_s=center-1&pf_rd_t=15506&pf_rd_i=toptv&ref_=chttvtp_tt_147
148,Hora de aventuras,2010,"Jeremy Shada, John DiMaggio",8.533402283436315,www.imdb.com/title/tt1305826/?pf_rd_m=A2FGELUUNOQJNL&pf_rd_p=12230b0e-0e00-43ed-9e59-8d5353703cce&pf_rd_r=4YX0TMGWA8M6QHASK48X&pf_rd_s=center-1&pf_rd_t=15506&pf_rd_i=toptv&ref_=chttvtp_tt_148
149,Louie,2010,"Louis C.K., Hadley Delany",8.532591809260742,www.imdb.com/title/tt1492966/?pf_rd_m=A2FGELUUNOQJNL&pf_rd_p=12230b0e-0e00-43ed-9e59-8d5353703cce&pf_rd_r=4YX0TMGWA8M6QHASK48X&pf_rd_s=center-1&pf_rd_t=15506&pf_rd_i=toptv&ref_=chttvtp_tt_149
150,The Night Of,2016,"Riz Ahmed, John Turturro",8.532186002391247,www.imdb.com/title/tt2401256/?pf_rd_m=A2FGELUUNOQJNL&pf_rd_p=12230b0e-0e00-43ed-9e59-8d5353703cce&pf_rd_r=4YX0TMGWA8M6QHASK48X&pf_rd_s=center-1&pf_rd_t=15506&pf_rd_i=toptv&ref_=chttvtp_tt_150
151,Homicidio,1993,"Richard Belzer, Clark Johnson",8.528572607692352,www.imdb.com/title/tt0106028/?pf_rd_m=A2FGELUUNOQJNL&pf_rd_p=12230b0e-0e00-43ed-9e59-8d5353703cce&pf_rd_r=4YX0TMGWA8M6QHASK48X&pf_rd_s=center-1&pf_rd_t=15506&pf_rd_i=toptv&ref_=chttvtp_tt_151
152,La historia no contada de los Estados Unidos,2012,"Oliver Stone, Alan Shearman",8.52748593101124,www.imdb.com/title/tt1494191/?pf_rd_m=A2FGELUUNOQJNL&pf_rd_p=12230b0e-0e00-43ed-9e59-8d5353703cce&pf_rd_r=4YX0TMGWA8M6QHASK48X&pf_rd_s=center-1&pf_rd_t=15506&pf_rd_i=toptv&ref_=chttvtp_tt_152
153,La casa de papel,2017,"Úrsula Corberó, Itziar Ituño",8.526637880272414,www.imdb.com/title/tt6468322/?pf_rd_m=A2FGELUUNOQJNL&pf_rd_p=12230b0e-0e00-43ed-9e59-8d5353703cce&pf_rd_r=4YX0TMGWA8M6QHASK48X&pf_rd_s=center-1&pf_rd_t=15506&pf_rd_i=toptv&ref_=chttvtp_tt_153
154,Samurai Champloo,2004,"Kazuya Nakai, Ginpei Sato",8.525097890026043,www.imdb.com/title/tt0423731/?pf_rd_m=A2FGELUUNOQJNL&pf_rd_p=12230b0e-0e00-43ed-9e59-8d5353703cce&pf_rd_r=4YX0TMGWA8M6QHASK48X&pf_rd_s=center-1&pf_rd_t=15506&pf_rd_i=toptv&ref_=chttvtp_tt_154
155,Mindhunter,2017,"Jonathan Groff, Holt McCallany",8.52450015204337,www.imdb.com/title/tt5290382/?pf_rd_m=A2FGELUUNOQJNL&pf_rd_p=12230b0e-0e00-43ed-9e59-8d5353703cce&pf_rd_r=4YX0TMGWA8M6QHASK48X&pf_rd_s=center-1&pf_rd_t=15506&pf_rd_i=toptv&ref_=chttvtp_tt_155
156,Alfred Hitchcock presenta,1955,"Alfred Hitchcock, Harry Tyler",8.524445893274986,www.imdb.com/title/tt0047708/?pf_rd_m=A2FGELUUNOQJNL&pf_rd_p=12230b0e-0e00-43ed-9e59-8d5353703cce&pf_rd_r=4YX0TMGWA8M6QHASK48X&pf_rd_s=center-1&pf_rd_t=15506&pf_rd_i=toptv&ref_=chttvtp_tt_156
157,Coupling,2000,"Jack Davenport, Gina Bellman",8.522361819461509,www.imdb.com/title/tt0237123/?pf_rd_m=A2FGELUUNOQJNL&pf_rd_p=12230b0e-0e00-43ed-9e59-8d5353703cce&pf_rd_r=4YX0TMGWA8M6QHASK48X&pf_rd_s=center-1&pf_rd_t=15506&pf_rd_i=toptv&ref_=chttvtp_tt_157
158,Dragon Ball,1986,"Masako Nozawa, Jôji Yanami",8.519895148441766,www.imdb.com/title/tt0088509/?pf_rd_m=A2FGELUUNOQJNL&pf_rd_p=12230b0e-0e00-43ed-9e59-8d5353703cce&pf_rd_r=4YX0TMGWA8M6QHASK48X&pf_rd_s=center-1&pf_rd_t=15506&pf_rd_i=toptv&ref_=chttvtp_tt_158
159,Retorno a Brideshead,1981,"Jeremy Irons, Diana Quick",8.519632754320797,www.imdb.com/title/tt0083390/?pf_rd_m=A2FGELUUNOQJNL&pf_rd_p=12230b0e-0e00-43ed-9e59-8d5353703cce&pf_rd_r=4YX0TMGWA8M6QHASK48X&pf_rd_s=center-1&pf_rd_t=15506&pf_rd_i=toptv&ref_=chttvtp_tt_159
160,Dragon Ball,1986,"Brice Armstrong, Steve Olson",8.516952090325773,www.imdb.com/title/tt0280249/?pf_rd_m=A2FGELUUNOQJNL&pf_rd_p=12230b0e-0e00-43ed-9e59-8d5353703cce&pf_rd_r=4YX0TMGWA8M6QHASK48X&pf_rd_s=center-1&pf_rd_t=15506&pf_rd_i=toptv&ref_=chttvtp_tt_160
161,Vikingos,2013,"Gustaf Skarsgård, Katheryn Winnick",8.516254271690972,www.imdb.com/title/tt2306299/?pf_rd_m=A2FGELUUNOQJNL&pf_rd_p=12230b0e-0e00-43ed-9e59-8d5353703cce&pf_rd_r=4YX0TMGWA8M6QHASK48X&pf_rd_s=center-1&pf_rd_t=15506&pf_rd_i=toptv&ref_=chttvtp_tt_161
162,Berserk,1997,"Nobutoshi Canna, Marc Diraison",8.516224473313095,www.imdb.com/title/tt0318871/?pf_rd_m=A2FGELUUNOQJNL&pf_rd_p=12230b0e-0e00-43ed-9e59-8d5353703cce&pf_rd_r=4YX0TMGWA8M6QHASK48X&pf_rd_s=center-1&pf_rd_t=15506&pf_rd_i=toptv&ref_=chttvtp_tt_162
163,El cuento de la criada,2017,"Elisabeth Moss, Max Minghella",8.514922792381594,www.imdb.com/title/tt5834204/?pf_rd_m=A2FGELUUNOQJNL&pf_rd_p=12230b0e-0e00-43ed-9e59-8d5353703cce&pf_rd_r=4YX0TMGWA8M6QHASK48X&pf_rd_s=center-1&pf_rd_t=15506&pf_rd_i=toptv&ref_=chttvtp_tt_163
164,Dr Horrible's Sing-Along Blog,2008,"Neil Patrick Harris, Nathan Fillion",8.514110620947378,www.imdb.com/title/tt1227926/?pf_rd_m=A2FGELUUNOQJNL&pf_rd_p=12230b0e-0e00-43ed-9e59-8d5353703cce&pf_rd_r=4YX0TMGWA8M6QHASK48X&pf_rd_s=center-1&pf_rd_t=15506&pf_rd_i=toptv&ref_=chttvtp_tt_164
165,Horace and Pete,2016,"Louis C.K., Steve Buscemi",8.513676645684454,www.imdb.com/title/tt5425186/?pf_rd_m=A2FGELUUNOQJNL&pf_rd_p=12230b0e-0e00-43ed-9e59-8d5353703cce&pf_rd_r=4YX0TMGWA8M6QHASK48X&pf_rd_s=center-1&pf_rd_t=15506&pf_rd_i=toptv&ref_=chttvtp_tt_165
166,Los informáticos,2006,"Chris O'Dowd, Richard Ayoade",8.513580563174344,www.imdb.com/title/tt0487831/?pf_rd_m=A2FGELUUNOQJNL&pf_rd_p=12230b0e-0e00-43ed-9e59-8d5353703cce&pf_rd_r=4YX0TMGWA8M6QHASK48X&pf_rd_s=center-1&pf_rd_t=15506&pf_rd_i=toptv&ref_=chttvtp_tt_166
167,Agárralos como puedas,2011,"Brian Quinn, James Murray",8.508587076388384,www.imdb.com/title/tt2100976/?pf_rd_m=A2FGELUUNOQJNL&pf_rd_p=12230b0e-0e00-43ed-9e59-8d5353703cce&pf_rd_r=4YX0TMGWA8M6QHASK48X&pf_rd_s=center-1&pf_rd_t=15506&pf_rd_i=toptv&ref_=chttvtp_tt_167
168,The Office,2001,"Ricky Gervais, Martin Freeman",8.50697683802279,www.imdb.com/title/tt0290978/?pf_rd_m=A2FGELUUNOQJNL&pf_rd_p=12230b0e-0e00-43ed-9e59-8d5353703cce&pf_rd_r=4YX0TMGWA8M6QHASK48X&pf_rd_s=center-1&pf_rd_t=15506&pf_rd_i=toptv&ref_=chttvtp_tt_168
169,Feud,2017,"Jessica Lange, Susan Sarandon",8.506871330983476,www.imdb.com/title/tt1984119/?pf_rd_m=A2FGELUUNOQJNL&pf_rd_p=12230b0e-0e00-43ed-9e59-8d5353703cce&pf_rd_r=4YX0TMGWA8M6QHASK48X&pf_rd_s=center-1&pf_rd_t=15506&pf_rd_i=toptv&ref_=chttvtp_tt_169
170,Silicon Valley,2014,"Thomas Middleditch, T.J. Miller",8.505054153083142,www.imdb.com/title/tt2575988/?pf_rd_m=A2FGELUUNOQJNL&pf_rd_p=12230b0e-0e00-43ed-9e59-8d5353703cce&pf_rd_r=4YX0TMGWA8M6QHASK48X&pf_rd_s=center-1&pf_rd_t=15506&pf_rd_i=toptv&ref_=chttvtp_tt_170
171,Mr Bean,1990,"Rowan Atkinson, Robin Driscoll",8.50487086576776,www.imdb.com/title/tt0096657/?pf_rd_m=A2FGELUUNOQJNL&pf_rd_p=12230b0e-0e00-43ed-9e59-8d5353703cce&pf_rd_r=4YX0TMGWA8M6QHASK48X&pf_rd_s=center-1&pf_rd_t=15506&pf_rd_i=toptv&ref_=chttvtp_tt_171
172,The Eric Andre Show,2012,"Eric André, Hannibal Buress",8.504861223867055,www.imdb.com/title/tt2244495/?pf_rd_m=A2FGELUUNOQJNL&pf_rd_p=12230b0e-0e00-43ed-9e59-8d5353703cce&pf_rd_r=4YX0TMGWA8M6QHASK48X&pf_rd_s=center-1&pf_rd_t=15506&pf_rd_i=toptv&ref_=chttvtp_tt_172
173,Whose Line Is It Anyway?,1998,"Drew Carey, Colin Mochrie",8.503328567209248,www.imdb.com/title/tt0163507/?pf_rd_m=A2FGELUUNOQJNL&pf_rd_p=12230b0e-0e00-43ed-9e59-8d5353703cce&pf_rd_r=4YX0TMGWA8M6QHASK48X&pf_rd_s=center-1&pf_rd_t=15506&pf_rd_i=toptv&ref_=chttvtp_tt_173
174,Castillo de naipes,1990,"Ian Richardson, Susannah Harker",8.496982037607511,www.imdb.com/title/tt0098825/?pf_rd_m=A2FGELUUNOQJNL&pf_rd_p=12230b0e-0e00-43ed-9e59-8d5353703cce&pf_rd_r=4YX0TMGWA8M6QHASK48X&pf_rd_s=center-1&pf_rd_t=15506&pf_rd_i=toptv&ref_=chttvtp_tt_174
175,Desaparecido,2016,"Ben Diskin, Shinnosuke Mitsushima",8.496512474563328,www.imdb.com/title/tt5249462/?pf_rd_m=A2FGELUUNOQJNL&pf_rd_p=12230b0e-0e00-43ed-9e59-8d5353703cce&pf_rd_r=4YX0TMGWA8M6QHASK48X&pf_rd_s=center-1&pf_rd_t=15506&pf_rd_i=toptv&ref_=chttvtp_tt_175
176,Las nuevas aventuras de Batman,1997,"Kevin Conroy, Tara Strong",8.4962187421823,www.imdb.com/title/tt0118266/?pf_rd_m=A2FGELUUNOQJNL&pf_rd_p=12230b0e-0e00-43ed-9e59-8d5353703cce&pf_rd_r=4YX0TMGWA8M6QHASK48X&pf_rd_s=center-1&pf_rd_t=15506&pf_rd_i=toptv&ref_=chttvtp_tt_176
177,Mr Robot,2015,"Rami Malek, Christian Slater",8.494003065278028,www.imdb.com/title/tt4158110/?pf_rd_m=A2FGELUUNOQJNL&pf_rd_p=12230b0e-0e00-43ed-9e59-8d5353703cce&pf_rd_r=4YX0TMGWA8M6QHASK48X&pf_rd_s=center-1&pf_rd_t=15506&pf_rd_i=toptv&ref_=chttvtp_tt_177
178,"Calderero, sastre, soldado, espía",1979,"Alec Guinness, Michael Jayston",8.4929936879353,www.imdb.com/title/tt0080297/?pf_rd_m=A2FGELUUNOQJNL&pf_rd_p=12230b0e-0e00-43ed-9e59-8d5353703cce&pf_rd_r=4YX0TMGWA8M6QHASK48X&pf_rd_s=center-1&pf_rd_t=15506&pf_rd_i=toptv&ref_=chttvtp_tt_178
179,Twin Peaks,2017,"Kyle MacLachlan, Sheryl Lee",8.492966858915084,www.imdb.com/title/tt4093826/?pf_rd_m=A2FGELUUNOQJNL&pf_rd_p=12230b0e-0e00-43ed-9e59-8d5353703cce&pf_rd_r=4YX0TMGWA8M6QHASK48X&pf_rd_s=center-1&pf_rd_t=15506&pf_rd_i=toptv&ref_=chttvtp_tt_179
180,Luther,2010,"Idris Elba, Dermot Crowley",8.488509083314883,www.imdb.com/title/tt1474684/?pf_rd_m=A2FGELUUNOQJNL&pf_rd_p=12230b0e-0e00-43ed-9e59-8d5353703cce&pf_rd_r=4YX0TMGWA8M6QHASK48X&pf_rd_s=center-1&pf_rd_t=15506&pf_rd_i=toptv&ref_=chttvtp_tt_180
181,Black Books,2000,"Dylan Moran, Bill Bailey",8.48787887521818,www.imdb.com/title/tt0262150/?pf_rd_m=A2FGELUUNOQJNL&pf_rd_p=12230b0e-0e00-43ed-9e59-8d5353703cce&pf_rd_r=4YX0TMGWA8M6QHASK48X&pf_rd_s=center-1&pf_rd_t=15506&pf_rd_i=toptv&ref_=chttvtp_tt_181
182,Spartacus: Dioses de la arena,2011,"John Hannah, Manu Bennett",8.485596309835863,www.imdb.com/title/tt1758429/?pf_rd_m=A2FGELUUNOQJNL&pf_rd_p=12230b0e-0e00-43ed-9e59-8d5353703cce&pf_rd_r=4YX0TMGWA8M6QHASK48X&pf_rd_s=center-1&pf_rd_t=15506&pf_rd_i=toptv&ref_=chttvtp_tt_182
183,Hannibal,2013,"Hugh Dancy, Mads Mikkelsen",8.484528723458581,www.imdb.com/title/tt2243973/?pf_rd_m=A2FGELUUNOQJNL&pf_rd_p=12230b0e-0e00-43ed-9e59-8d5353703cce&pf_rd_r=4YX0TMGWA8M6QHASK48X&pf_rd_s=center-1&pf_rd_t=15506&pf_rd_i=toptv&ref_=chttvtp_tt_183
184,El prisionero,1967,"Patrick McGoohan, Angelo Muscat",8.480350339396011,www.imdb.com/title/tt0061287/?pf_rd_m=A2FGELUUNOQJNL&pf_rd_p=12230b0e-0e00-43ed-9e59-8d5353703cce&pf_rd_r=4YX0TMGWA8M6QHASK48X&pf_rd_s=center-1&pf_rd_t=15506&pf_rd_i=toptv&ref_=chttvtp_tt_184
185,Ghost in the Shell: Stand Alone Complex,2002,"Shirô Saitô, Mary Elizabeth McGlynn",8.477847442530006,www.imdb.com/title/tt0346314/?pf_rd_m=A2FGELUUNOQJNL&pf_rd_p=12230b0e-0e00-43ed-9e59-8d5353703cce&pf_rd_r=4YX0TMGWA8M6QHASK48X&pf_rd_s=center-1&pf_rd_t=15506&pf_rd_i=toptv&ref_=chttvtp_tt_185
186,BoJack Horseman,2014,"Will Arnett, Amy Sedaris",8.47615160651375,www.imdb.com/title/tt3398228/?pf_rd_m=A2FGELUUNOQJNL&pf_rd_p=12230b0e-0e00-43ed-9e59-8d5353703cce&pf_rd_r=4YX0TMGWA8M6QHASK48X&pf_rd_s=center-1&pf_rd_t=15506&pf_rd_i=toptv&ref_=chttvtp_tt_186
187,American Crime Story,2016,"Sarah Paulson, Cuba Gooding Jr.",8.47579811692662,www.imdb.com/title/tt2788432/?pf_rd_m=A2FGELUUNOQJNL&pf_rd_p=12230b0e-0e00-43ed-9e59-8d5353703cce&pf_rd_r=4YX0TMGWA8M6QHASK48X&pf_rd_s=center-1&pf_rd_t=15506&pf_rd_i=toptv&ref_=chttvtp_tt_187
188,Detectorists,2014,"Mackenzie Crook, Toby Jones",8.473710232570712,www.imdb.com/title/tt4082744/?pf_rd_m=A2FGELUUNOQJNL&pf_rd_p=12230b0e-0e00-43ed-9e59-8d5353703cce&pf_rd_r=4YX0TMGWA8M6QHASK48X&pf_rd_s=center-1&pf_rd_t=15506&pf_rd_i=toptv&ref_=chttvtp_tt_188
189,Las noticias de Jon Stewart,1996,"Jon Stewart, Stephen Colbert",8.47232237049167,www.imdb.com/title/tt0115147/?pf_rd_m=A2FGELUUNOQJNL&pf_rd_p=12230b0e-0e00-43ed-9e59-8d5353703cce&pf_rd_r=4YX0TMGWA8M6QHASK48X&pf_rd_s=center-1&pf_rd_t=15506&pf_rd_i=toptv&ref_=chttvtp_tt_189
190,Futurama,1999,"Billy West, John DiMaggio",8.47160038059488,www.imdb.com/title/tt0149460/?pf_rd_m=A2FGELUUNOQJNL&pf_rd_p=12230b0e-0e00-43ed-9e59-8d5353703cce&pf_rd_r=4YX0TMGWA8M6QHASK48X&pf_rd_s=center-1&pf_rd_t=15506&pf_rd_i=toptv&ref_=chttvtp_tt_190
191,Hijos de la anarquía,2008,"Charlie Hunnam, Katey Sagal",8.470260054962313,www.imdb.com/title/tt1124373/?pf_rd_m=A2FGELUUNOQJNL&pf_rd_p=12230b0e-0e00-43ed-9e59-8d5353703cce&pf_rd_r=4YX0TMGWA8M6QHASK48X&pf_rd_s=center-1&pf_rd_t=15506&pf_rd_i=toptv&ref_=chttvtp_tt_191
192,Prisión Wentworth,2013,"Kate Atkinson, Celia Ireland",8.46997946076399,www.imdb.com/title/tt2433738/?pf_rd_m=A2FGELUUNOQJNL&pf_rd_p=12230b0e-0e00-43ed-9e59-8d5353703cce&pf_rd_r=4YX0TMGWA8M6QHASK48X&pf_rd_s=center-1&pf_rd_t=15506&pf_rd_i=toptv&ref_=chttvtp_tt_192
193,Ash vs Evil Dead,2015,"Bruce Campbell, Ray Santiago",8.4688765009825,www.imdb.com/title/tt4189022/?pf_rd_m=A2FGELUUNOQJNL&pf_rd_p=12230b0e-0e00-43ed-9e59-8d5353703cce&pf_rd_r=4YX0TMGWA8M6QHASK48X&pf_rd_s=center-1&pf_rd_t=15506&pf_rd_i=toptv&ref_=chttvtp_tt_193
194,Line of Duty,2012,"Martin Compston, Vicky McClure",8.468609401796758,www.imdb.com/title/tt2303687/?pf_rd_m=A2FGELUUNOQJNL&pf_rd_p=12230b0e-0e00-43ed-9e59-8d5353703cce&pf_rd_r=4YX0TMGWA8M6QHASK48X&pf_rd_s=center-1&pf_rd_t=15506&pf_rd_i=toptv&ref_=chttvtp_tt_194
195,Endeavour,2012,"Shaun Evans, Roger Allam",8.46788531338943,www.imdb.com/title/tt2701582/?pf_rd_m=A2FGELUUNOQJNL&pf_rd_p=12230b0e-0e00-43ed-9e59-8d5353703cce&pf_rd_r=4YX0TMGWA8M6QHASK48X&pf_rd_s=center-1&pf_rd_t=15506&pf_rd_i=toptv&ref_=chttvtp_tt_195
196,"Kenshin, el guerrero samurái",1996,"Mayo Suzukaze, Richard Cansino",8.466918461931046,www.imdb.com/title/tt0182629/?pf_rd_m=A2FGELUUNOQJNL&pf_rd_p=12230b0e-0e00-43ed-9e59-8d5353703cce&pf_rd_r=4YX0TMGWA8M6QHASK48X&pf_rd_s=center-1&pf_rd_t=15506&pf_rd_i=toptv&ref_=chttvtp_tt_196
197,Jesús de Nazaret,1977,"Robert Powell, Olivia Hussey",8.4668188586166,www.imdb.com/title/tt0075520/?pf_rd_m=A2FGELUUNOQJNL&pf_rd_p=12230b0e-0e00-43ed-9e59-8d5353703cce&pf_rd_r=4YX0TMGWA8M6QHASK48X&pf_rd_s=center-1&pf_rd_t=15506&pf_rd_i=toptv&ref_=chttvtp_tt_197
198,I'm Alan Partridge,1997,"Steve Coogan, Phil Cornwell",8.46674571398395,www.imdb.com/title/tt0129690/?pf_rd_m=A2FGELUUNOQJNL&pf_rd_p=12230b0e-0e00-43ed-9e59-8d5353703cce&pf_rd_r=4YX0TMGWA8M6QHASK48X&pf_rd_s=center-1&pf_rd_t=15506&pf_rd_i=toptv&ref_=chttvtp_tt_198
199,The Knick,2014,"Clive Owen, André Holland",8.465187386964027,www.imdb.com/title/tt2937900/?pf_rd_m=A2FGELUUNOQJNL&pf_rd_p=12230b0e-0e00-43ed-9e59-8d5353703cce&pf_rd_r=4YX0TMGWA8M6QHASK48X&pf_rd_s=center-1&pf_rd_t=15506&pf_rd_i=toptv&ref_=chttvtp_tt_199
200,Los hermanos Venture,2003,"Christopher McCulloch, James Urbaniak",8.461842133506632,www.imdb.com/title/tt0417373/?pf_rd_m=A2FGELUUNOQJNL&pf_rd_p=12230b0e-0e00-43ed-9e59-8d5353703cce&pf_rd_r=4YX0TMGWA8M6QHASK48X&pf_rd_s=center-1&pf_rd_t=15506&pf_rd_i=toptv&ref_=chttvtp_tt_200
201,Spartacus: Sangre y arena,2010,"Andy Whitfield, Lucy Lawless",8.459131716221476,www.imdb.com/title/tt1442449/?pf_rd_m=A2FGELUUNOQJNL&pf_rd_p=12230b0e-0e00-43ed-9e59-8d5353703cce&pf_rd_r=4YX0TMGWA8M6QHASK48X&pf_rd_s=center-1&pf_rd_t=15506&pf_rd_i=toptv&ref_=chttvtp_tt_201
202,Community,2009,"Joel McHale, Danny Pudi",8.456663457070636,www.imdb.com/title/tt1439629/?pf_rd_m=A2FGELUUNOQJNL&pf_rd_p=12230b0e-0e00-43ed-9e59-8d5353703cce&pf_rd_r=4YX0TMGWA8M6QHASK48X&pf_rd_s=center-1&pf_rd_t=15506&pf_rd_i=toptv&ref_=chttvtp_tt_202
203,La leyenda de Korra,2012,"Janet Varney, P.J. Byrne",8.446916615746234,www.imdb.com/title/tt1695360/?pf_rd_m=A2FGELUUNOQJNL&pf_rd_p=12230b0e-0e00-43ed-9e59-8d5353703cce&pf_rd_r=4YX0TMGWA8M6QHASK48X&pf_rd_s=center-1&pf_rd_t=15506&pf_rd_i=toptv&ref_=chttvtp_tt_203
204,The Colbert Report,2005,"Stephen Colbert, Jay Katsir",8.446257026727402,www.imdb.com/title/tt0458254/?pf_rd_m=A2FGELUUNOQJNL&pf_rd_p=12230b0e-0e00-43ed-9e59-8d5353703cce&pf_rd_r=4YX0TMGWA8M6QHASK48X&pf_rd_s=center-1&pf_rd_t=15506&pf_rd_i=toptv&ref_=chttvtp_tt_204
205,X-Men,1992,"Cedric Smith, Cathal J. Dodd",8.438882403256207,www.imdb.com/title/tt0103584/?pf_rd_m=A2FGELUUNOQJNL&pf_rd_p=12230b0e-0e00-43ed-9e59-8d5353703cce&pf_rd_r=4YX0TMGWA8M6QHASK48X&pf_rd_s=center-1&pf_rd_t=15506&pf_rd_i=toptv&ref_=chttvtp_tt_205
206,Secretos de un matrimonio,1973,"Liv Ullmann, Erland Josephson",8.438343058730547,www.imdb.com/title/tt0070644/?pf_rd_m=A2FGELUUNOQJNL&pf_rd_p=12230b0e-0e00-43ed-9e59-8d5353703cce&pf_rd_r=4YX0TMGWA8M6QHASK48X&pf_rd_s=center-1&pf_rd_t=15506&pf_rd_i=toptv&ref_=chttvtp_tt_206
207,Hijos del Tercer Reich,2013,"Volker Bruch, Tom Schilling",8.43513538673323,www.imdb.com/title/tt1883092/?pf_rd_m=A2FGELUUNOQJNL&pf_rd_p=12230b0e-0e00-43ed-9e59-8d5353703cce&pf_rd_r=4YX0TMGWA8M6QHASK48X&pf_rd_s=center-1&pf_rd_t=15506&pf_rd_i=toptv&ref_=chttvtp_tt_207
208,Behzat Ç: An Ankara Policeman,2010,"Erdal Besikçioglu, Fatih Artman",8.433925423265553,www.imdb.com/title/tt1795096/?pf_rd_m=A2FGELUUNOQJNL&pf_rd_p=12230b0e-0e00-43ed-9e59-8d5353703cce&pf_rd_r=4YX0TMGWA8M6QHASK48X&pf_rd_s=center-1&pf_rd_t=15506&pf_rd_i=toptv&ref_=chttvtp_tt_208
209,Taboo,2017,"Tom Hardy, David Hayman",8.433920501866426,www.imdb.com/title/tt3647998/?pf_rd_m=A2FGELUUNOQJNL&pf_rd_p=12230b0e-0e00-43ed-9e59-8d5353703cce&pf_rd_r=4YX0TMGWA8M6QHASK48X&pf_rd_s=center-1&pf_rd_t=15506&pf_rd_i=toptv&ref_=chttvtp_tt_209
210,Suits,2011,"Gabriel Macht, Patrick J. Adams",8.430085781599214,www.imdb.com/title/tt1632701/?pf_rd_m=A2FGELUUNOQJNL&pf_rd_p=12230b0e-0e00-43ed-9e59-8d5353703cce&pf_rd_r=4YX0TMGWA8M6QHASK48X&pf_rd_s=center-1&pf_rd_t=15506&pf_rd_i=toptv&ref_=chttvtp_tt_210
211,Escuadrón de policía,1982,"Leslie Nielsen, Alan North",8.428819978963599,www.imdb.com/title/tt0083466/?pf_rd_m=A2FGELUUNOQJNL&pf_rd_p=12230b0e-0e00-43ed-9e59-8d5353703cce&pf_rd_r=4YX0TMGWA8M6QHASK48X&pf_rd_s=center-1&pf_rd_t=15506&pf_rd_i=toptv&ref_=chttvtp_tt_211
212,Happy Valley,2014,"Sarah Lancashire, Siobhan Finneran",8.426216316482504,www.imdb.com/title/tt3428912/?pf_rd_m=A2FGELUUNOQJNL&pf_rd_p=12230b0e-0e00-43ed-9e59-8d5353703cce&pf_rd_r=4YX0TMGWA8M6QHASK48X&pf_rd_s=center-1&pf_rd_t=15506&pf_rd_i=toptv&ref_=chttvtp_tt_212
213,One Piece,1999,"Mayumi Tanaka, Tony Beck",8.422786592716689,www.imdb.com/title/tt0388629/?pf_rd_m=A2FGELUUNOQJNL&pf_rd_p=12230b0e-0e00-43ed-9e59-8d5353703cce&pf_rd_r=4YX0TMGWA8M6QHASK48X&pf_rd_s=center-1&pf_rd_t=15506&pf_rd_i=toptv&ref_=chttvtp_tt_213
214,Carnivàle,2003,"Michael J. Anderson, Adrienne Barbeau",8.421350343433069,www.imdb.com/title/tt0319969/?pf_rd_m=A2FGELUUNOQJNL&pf_rd_p=12230b0e-0e00-43ed-9e59-8d5353703cce&pf_rd_r=4YX0TMGWA8M6QHASK48X&pf_rd_s=center-1&pf_rd_t=15506&pf_rd_i=toptv&ref_=chttvtp_tt_214
215,Garth Marenghi's Darkplace,2004,"Richard Ayoade, Matt Berry",8.418061295087531,www.imdb.com/title/tt0397150/?pf_rd_m=A2FGELUUNOQJNL&pf_rd_p=12230b0e-0e00-43ed-9e59-8d5353703cce&pf_rd_r=4YX0TMGWA8M6QHASK48X&pf_rd_s=center-1&pf_rd_t=15506&pf_rd_i=toptv&ref_=chttvtp_tt_215
216,Samurai Jack,2001,"Phil LaMarr, Mako",8.410129541399481,www.imdb.com/title/tt0278238/?pf_rd_m=A2FGELUUNOQJNL&pf_rd_p=12230b0e-0e00-43ed-9e59-8d5353703cce&pf_rd_r=4YX0TMGWA8M6QHASK48X&pf_rd_s=center-1&pf_rd_t=15506&pf_rd_i=toptv&ref_=chttvtp_tt_216
217,Utopía,2013,"Adeel Akhtar, Paul Higgins",8.409562286399916,www.imdb.com/title/tt2384811/?pf_rd_m=A2FGELUUNOQJNL&pf_rd_p=12230b0e-0e00-43ed-9e59-8d5353703cce&pf_rd_r=4YX0TMGWA8M6QHASK48X&pf_rd_s=center-1&pf_rd_t=15506&pf_rd_i=toptv&ref_=chttvtp_tt_217
218,The Angry Video Game Nerd,2004,"James Rolfe, Kyle Justin",8.407147015165291,www.imdb.com/title/tt1230180/?pf_rd_m=A2FGELUUNOQJNL&pf_rd_p=12230b0e-0e00-43ed-9e59-8d5353703cce&pf_rd_r=4YX0TMGWA8M6QHASK48X&pf_rd_s=center-1&pf_rd_t=15506&pf_rd_i=toptv&ref_=chttvtp_tt_218
219,Kardes Payi,2014,"Ahmet Kural, Murat Cemcir",8.391273353074974,www.imdb.com/title/tt3671754/?pf_rd_m=A2FGELUUNOQJNL&pf_rd_p=12230b0e-0e00-43ed-9e59-8d5353703cce&pf_rd_r=4YX0TMGWA8M6QHASK48X&pf_rd_s=center-1&pf_rd_t=15506&pf_rd_i=toptv&ref_=chttvtp_tt_219
220,American Crime Story: El pueblo contra OJ Simpson,2016,"Cuba Gooding Jr., David Schwimmer",8.390081060969417,www.imdb.com/title/tt6205862/?pf_rd_m=A2FGELUUNOQJNL&pf_rd_p=12230b0e-0e00-43ed-9e59-8d5353703cce&pf_rd_r=4YX0TMGWA8M6QHASK48X&pf_rd_s=center-1&pf_rd_t=15506&pf_rd_i=toptv&ref_=chttvtp_tt_220
221,La sombra del poder,2003,"John Simm, Kelly Macdonald",8.389565510598487,www.imdb.com/title/tt0362192/?pf_rd_m=A2FGELUUNOQJNL&pf_rd_p=12230b0e-0e00-43ed-9e59-8d5353703cce&pf_rd_r=4YX0TMGWA8M6QHASK48X&pf_rd_s=center-1&pf_rd_t=15506&pf_rd_i=toptv&ref_=chttvtp_tt_221
222,Borgen,2010,"Sidse Babett Knudsen, Birgitte Hjort Sørensen",8.387770015629659,www.imdb.com/title/tt1526318/?pf_rd_m=A2FGELUUNOQJNL&pf_rd_p=12230b0e-0e00-43ed-9e59-8d5353703cce&pf_rd_r=4YX0TMGWA8M6QHASK48X&pf_rd_s=center-1&pf_rd_t=15506&pf_rd_i=toptv&ref_=chttvtp_tt_222
223,Entourage (El séquito),El séquito,"Kevin Connolly, Adrian Grenier",8.387344399133761,www.imdb.com/title/tt0387199/?pf_rd_m=A2FGELUUNOQJNL&pf_rd_p=12230b0e-0e00-43ed-9e59-8d5353703cce&pf_rd_r=4YX0TMGWA8M6QHASK48X&pf_rd_s=center-1&pf_rd_t=15506&pf_rd_i=toptv&ref_=chttvtp_tt_223
224,Modern Family,2009,"Ed O'Neill, Sofía Vergara",8.386762372038604,www.imdb.com/title/tt1442437/?pf_rd_m=A2FGELUUNOQJNL&pf_rd_p=12230b0e-0e00-43ed-9e59-8d5353703cce&pf_rd_r=4YX0TMGWA8M6QHASK48X&pf_rd_s=center-1&pf_rd_t=15506&pf_rd_i=toptv&ref_=chttvtp_tt_224
225,Doctor Who,1963,"William Hartnell, Patrick Troughton",8.384132850861365,www.imdb.com/title/tt0056751/?pf_rd_m=A2FGELUUNOQJNL&pf_rd_p=12230b0e-0e00-43ed-9e59-8d5353703cce&pf_rd_r=4YX0TMGWA8M6QHASK48X&pf_rd_s=center-1&pf_rd_t=15506&pf_rd_i=toptv&ref_=chttvtp_tt_225
226,Inside No 9,2014,"Reece Shearsmith, Steve Pemberton",8.37997153381233,www.imdb.com/title/tt2674806/?pf_rd_m=A2FGELUUNOQJNL&pf_rd_p=12230b0e-0e00-43ed-9e59-8d5353703cce&pf_rd_r=4YX0TMGWA8M6QHASK48X&pf_rd_s=center-1&pf_rd_t=15506&pf_rd_i=toptv&ref_=chttvtp_tt_226
227,Humorously Yours,2016,"Vipul Goyal, Abhishek Banerjee",8.378361348125631,www.imdb.com/title/tt6328940/?pf_rd_m=A2FGELUUNOQJNL&pf_rd_p=12230b0e-0e00-43ed-9e59-8d5353703cce&pf_rd_r=4YX0TMGWA8M6QHASK48X&pf_rd_s=center-1&pf_rd_t=15506&pf_rd_i=toptv&ref_=chttvtp_tt_227
228,Los Teleñecos,1976,"Jim Henson, Frank Oz",8.372604707958866,www.imdb.com/title/tt0074028/?pf_rd_m=A2FGELUUNOQJNL&pf_rd_p=12230b0e-0e00-43ed-9e59-8d5353703cce&pf_rd_r=4YX0TMGWA8M6QHASK48X&pf_rd_s=center-1&pf_rd_t=15506&pf_rd_i=toptv&ref_=chttvtp_tt_228
229,Permanent Roommates,2014,"Sumeet Vyas, Nidhi Singh",8.357963605167138,www.imdb.com/title/tt4156586/?pf_rd_m=A2FGELUUNOQJNL&pf_rd_p=12230b0e-0e00-43ed-9e59-8d5353703cce&pf_rd_r=4YX0TMGWA8M6QHASK48X&pf_rd_s=center-1&pf_rd_t=15506&pf_rd_i=toptv&ref_=chttvtp_tt_229
230,Jeeves y Wooster,1990,"Stephen Fry, Hugh Laurie",8.356226668539177,www.imdb.com/title/tt0098833/?pf_rd_m=A2FGELUUNOQJNL&pf_rd_p=12230b0e-0e00-43ed-9e59-8d5353703cce&pf_rd_r=4YX0TMGWA8M6QHASK48X&pf_rd_s=center-1&pf_rd_t=15506&pf_rd_i=toptv&ref_=chttvtp_tt_230
231,¿Quién es América?,2018,"Sacha Baron Cohen, Roy Elghanayan",8.34842878903604,www.imdb.com/title/tt8679236/?pf_rd_m=A2FGELUUNOQJNL&pf_rd_p=12230b0e-0e00-43ed-9e59-8d5353703cce&pf_rd_r=4YX0TMGWA8M6QHASK48X&pf_rd_s=center-1&pf_rd_t=15506&pf_rd_i=toptv&ref_=chttvtp_tt_231
232,Fringe (Al límite),Al límite,"Anna Torv, Joshua Jackson",8.329078080813755,www.imdb.com/title/tt1119644/?pf_rd_m=A2FGELUUNOQJNL&pf_rd_p=12230b0e-0e00-43ed-9e59-8d5353703cce&pf_rd_r=4YX0TMGWA8M6QHASK48X&pf_rd_s=center-1&pf_rd_t=15506&pf_rd_i=toptv&ref_=chttvtp_tt_232
233,Billions,2016,"Paul Giamatti, Damian Lewis",8.315747595923268,www.imdb.com/title/tt4270492/?pf_rd_m=A2FGELUUNOQJNL&pf_rd_p=12230b0e-0e00-43ed-9e59-8d5353703cce&pf_rd_r=4YX0TMGWA8M6QHASK48X&pf_rd_s=center-1&pf_rd_t=15506&pf_rd_i=toptv&ref_=chttvtp_tt_233
234,Brooklyn Nine-Nine,2013,"Andre Braugher, Andy Samberg",8.314129464620438,www.imdb.com/title/tt2467372/?pf_rd_m=A2FGELUUNOQJNL&pf_rd_p=12230b0e-0e00-43ed-9e59-8d5353703cce&pf_rd_r=4YX0TMGWA8M6QHASK48X&pf_rd_s=center-1&pf_rd_t=15506&pf_rd_i=toptv&ref_=chttvtp_tt_234
235,Sobrenatural,2005,"Jared Padalecki, Jensen Ackles",8.312582949484472,www.imdb.com/title/tt0460681/?pf_rd_m=A2FGELUUNOQJNL&pf_rd_p=12230b0e-0e00-43ed-9e59-8d5353703cce&pf_rd_r=4YX0TMGWA8M6QHASK48X&pf_rd_s=center-1&pf_rd_t=15506&pf_rd_i=toptv&ref_=chttvtp_tt_235
236,Broadchurch,2013,"David Tennant, Olivia Colman",8.309573187010507,www.imdb.com/title/tt2249364/?pf_rd_m=A2FGELUUNOQJNL&pf_rd_p=12230b0e-0e00-43ed-9e59-8d5353703cce&pf_rd_r=4YX0TMGWA8M6QHASK48X&pf_rd_s=center-1&pf_rd_t=15506&pf_rd_i=toptv&ref_=chttvtp_tt_236
237,Perdidos,2004,"Jorge Garcia, Josh Holloway",8.308583232406804,www.imdb.com/title/tt0411008/?pf_rd_m=A2FGELUUNOQJNL&pf_rd_p=12230b0e-0e00-43ed-9e59-8d5353703cce&pf_rd_r=4YX0TMGWA8M6QHASK48X&pf_rd_s=center-1&pf_rd_t=15506&pf_rd_i=toptv&ref_=chttvtp_tt_237
238,The Inbetweeners,2008,"Simon Bird, James Buckley",8.304110599244796,www.imdb.com/title/tt1220617/?pf_rd_m=A2FGELUUNOQJNL&pf_rd_p=12230b0e-0e00-43ed-9e59-8d5353703cce&pf_rd_r=4YX0TMGWA8M6QHASK48X&pf_rd_s=center-1&pf_rd_t=15506&pf_rd_i=toptv&ref_=chttvtp_tt_238
239,The Good Fight,2017,"Christine Baranski, Rose Leslie",8.303747578040225,www.imdb.com/title/tt5853176/?pf_rd_m=A2FGELUUNOQJNL&pf_rd_p=12230b0e-0e00-43ed-9e59-8d5353703cce&pf_rd_r=4YX0TMGWA8M6QHASK48X&pf_rd_s=center-1&pf_rd_t=15506&pf_rd_i=toptv&ref_=chttvtp_tt_239
240,Star Trek,1966,"William Shatner, Leonard Nimoy",8.303571594748464,www.imdb.com/title/tt0060028/?pf_rd_m=A2FGELUUNOQJNL&pf_rd_p=12230b0e-0e00-43ed-9e59-8d5353703cce&pf_rd_r=4YX0TMGWA8M6QHASK48X&pf_rd_s=center-1&pf_rd_t=15506&pf_rd_i=toptv&ref_=chttvtp_tt_240
241,The Americans,2013,"Keri Russell, Matthew Rhys",8.303566835934298,www.imdb.com/title/tt2149175/?pf_rd_m=A2FGELUUNOQJNL&pf_rd_p=12230b0e-0e00-43ed-9e59-8d5353703cce&pf_rd_r=4YX0TMGWA8M6QHASK48X&pf_rd_s=center-1&pf_rd_t=15506&pf_rd_i=toptv&ref_=chttvtp_tt_241
242,The Expanse,2015,"Steven Strait, Cas Anvar",8.303517101000597,www.imdb.com/title/tt3230854/?pf_rd_m=A2FGELUUNOQJNL&pf_rd_p=12230b0e-0e00-43ed-9e59-8d5353703cce&pf_rd_r=4YX0TMGWA8M6QHASK48X&pf_rd_s=center-1&pf_rd_t=15506&pf_rd_i=toptv&ref_=chttvtp_tt_242
243,Anne with an E,2017,"Amybeth McNulty, Geraldine James",8.303250427015202,www.imdb.com/title/tt5421602/?pf_rd_m=A2FGELUUNOQJNL&pf_rd_p=12230b0e-0e00-43ed-9e59-8d5353703cce&pf_rd_r=4YX0TMGWA8M6QHASK48X&pf_rd_s=center-1&pf_rd_t=15506&pf_rd_i=toptv&ref_=chttvtp_tt_243
244,Ana de las tejas verdes,1985,"Megan Follows, Colleen Dewhurst",8.30321970360022,www.imdb.com/title/tt0088727/?pf_rd_m=A2FGELUUNOQJNL&pf_rd_p=12230b0e-0e00-43ed-9e59-8d5353703cce&pf_rd_r=4YX0TMGWA8M6QHASK48X&pf_rd_s=center-1&pf_rd_t=15506&pf_rd_i=toptv&ref_=chttvtp_tt_244
245,Scrubs,2001,"Zach Braff, Donald Faison",8.303184346934653,www.imdb.com/title/tt0285403/?pf_rd_m=A2FGELUUNOQJNL&pf_rd_p=12230b0e-0e00-43ed-9e59-8d5353703cce&pf_rd_r=4YX0TMGWA8M6QHASK48X&pf_rd_s=center-1&pf_rd_t=15506&pf_rd_i=toptv&ref_=chttvtp_tt_245
246,Olive Kitteridge,2014,"Frances McDormand, Richard Jenkins",8.303060558358327,www.imdb.com/title/tt3012698/?pf_rd_m=A2FGELUUNOQJNL&pf_rd_p=12230b0e-0e00-43ed-9e59-8d5353703cce&pf_rd_r=4YX0TMGWA8M6QHASK48X&pf_rd_s=center-1&pf_rd_t=15506&pf_rd_i=toptv&ref_=chttvtp_tt_246
247,The Young Pope,2016,"Jude Law, Diane Keaton",8.303046872403442,www.imdb.com/title/tt3655448/?pf_rd_m=A2FGELUUNOQJNL&pf_rd_p=12230b0e-0e00-43ed-9e59-8d5353703cce&pf_rd_r=4YX0TMGWA8M6QHASK48X&pf_rd_s=center-1&pf_rd_t=15506&pf_rd_i=toptv&ref_=chttvtp_tt_247
248,Boston Legal,2004,"James Spader, William Shatner",8.3030145791511,www.imdb.com/title/tt0402711/?pf_rd_m=A2FGELUUNOQJNL&pf_rd_p=12230b0e-0e00-43ed-9e59-8d5353703cce&pf_rd_r=4YX0TMGWA8M6QHASK48X&pf_rd_s=center-1&pf_rd_t=15506&pf_rd_i=toptv&ref_=chttvtp_tt_248
249,Southland,2009,"Michael Cudlitz, Shawn Hatosy",8.302950030407732,www.imdb.com/title/tt1299368/?pf_rd_m=A2FGELUUNOQJNL&pf_rd_p=12230b0e-0e00-43ed-9e59-8d5353703cce&pf_rd_r=4YX0TMGWA8M6QHASK48X&pf_rd_s=center-1&pf_rd_t=15506&pf_rd_i=toptv&ref_=chttvtp_tt_249
250,Banshee,2013,"Antony Starr, Ivana Milicevic",8.302932968270627,www.imdb.com/title/tt2017109/?pf_rd_m=A2FGELUUNOQJNL&pf_rd_p=12230b0e-0e00-43ed-9e59-8d5353703cce&pf_rd_r=4YX0TMGWA8M6QHASK48X&pf_rd_s=center-1&pf_rd_t=15506&pf_rd_i=toptv&ref_=chttvtp_tt_250
